trip_id,organization_name,is_operator
393900000000000001,SJ AB,1
393900000000000006,SJ AB,1
393900000000001083,SJ AB,1
393900000000001647,SJ AB,1
393900000000000002,SJ AB,1
393900000000000003,SJ AB,1
393900000000000018,SJ AB,1
393900000000000004,SJ AB,1
393900000000000816,SJ AB,1
393900000000000005,SJ AB,1
393900000000000010,SJ AB,1
393900000000000826,SJ AB,1
393900000000001085,SJ AB,1
393900000000000007,SJ AB,1
393900000000000964,SJ AB,1
393900000000001615,SJ AB,1
393900000000000008,SJ AB,1
393900000000001000,SJ AB,1
393900000000000009,SJ AB,1
393900000000000381,SJ AB,1
393900000000000475,SJ AB,1
393900000000001021,SJ AB,1
393900000000001243,SJ AB,1
393900000000001386,SJ AB,1
393900000000000011,SJ AB,1
393900000000000012,SJ AB,1
393900000000000019,SJ AB,1
393900000000000020,SJ AB,1
393900000000001129,SJ AB,1
393900000000000013,SJ AB,1
393900000000000014,SJ AB,1
393900000000000015,SJ AB,1
393900000000000016,SJ AB,1
393900000000000017,SJ AB,1
393900000000000021,SJ AB,1
393900000000000022,SJ AB,1
393900000000000029,SJ AB,1
393900000000000023,SJ AB,1
393900000000000024,SJ AB,1
393900000000000025,SJ AB,1
393900000000000026,SJ AB,1
393900000000000027,SJ AB,1
393900000000000028,SJ AB,1
393900000000000975,SJ AB,1
393900000000000030,SJ AB,1
393900000000000343,SJ AB,1
393900000000000507,SJ AB,1
393900000000000031,SJ AB,1
393900000000001162,SJ AB,1
393900000000000032,SJ AB,1
393900000000001163,SJ AB,1
393900000000000033,SJ AB,1
393900000000001164,SJ AB,1
393900000000000034,SJ AB,1
393900000000000223,SJ AB,1
393900000000000428,SJ AB,1
393900000000000819,SJ AB,1
393900000000001099,SJ AB,1
393900000000001329,SJ AB,1
393900000000001794,SJ AB,1
393900000000000035,SJ AB,1
393900000000001165,SJ AB,1
393900000000000036,SJ AB,1
393900000000000037,SJ AB,1
393900000000000038,SJ AB,1
393900000000000039,SJ AB,1
393900000000000715,SJ AB,1
393900000000000716,SJ AB,1
393900000000000736,SJ AB,1
393900000000000737,SJ AB,1
393900000000000743,SJ AB,1
393900000000000744,SJ AB,1
393900000000000752,SJ AB,1
393900000000000753,SJ AB,1
393900000000000774,SJ AB,1
393900000000000775,SJ AB,1
393900000000001068,SJ AB,1
393900000000001075,SJ AB,1
393900000000001443,SJ AB,1
393900000000001444,SJ AB,1
393900000000001543,SJ AB,1
393900000000001544,SJ AB,1
393900000000000040,SJ AB,1
393900000000000041,SJ AB,1
393900000000000042,SJ AB,1
393900000000000043,SJ AB,1
393900000000000693,SJ AB,1
393900000000000694,SJ AB,1
393900000000000734,SJ AB,1
393900000000000735,SJ AB,1
393900000000000745,SJ AB,1
393900000000000746,SJ AB,1
393900000000000747,SJ AB,1
393900000000000748,SJ AB,1
393900000000000750,SJ AB,1
393900000000000751,SJ AB,1
393900000000000755,SJ AB,1
393900000000000756,SJ AB,1
393900000000000772,SJ AB,1
393900000000000773,SJ AB,1
393900000000001071,SJ AB,1
393900000000001073,SJ AB,1
393900000000001317,SJ AB,1
393900000000001318,SJ AB,1
393900000000001523,SJ AB,1
393900000000001524,SJ AB,1
393900000000000044,SJ AB,1
393900000000000045,SJ AB,1
393900000000000050,SJ AB,1
393900000000000046,SJ AB,1
393900000000000047,SJ AB,1
393900000000000048,SJ AB,1
393900000000000490,SJ AB,1
393900000000000049,SJ AB,1
393900000000000051,SJ AB,1
393900000000000580,SJ AB,1
393900000000000052,SJ AB,1
393900000000000053,SJ AB,1
393900000000000316,SJ AB,1
393900000000000054,SJ AB,1
393900000000000055,SJ AB,1
393900000000000056,SJ AB,1
393900000000000346,SJ AB,1
393900000000000057,SJ AB,1
393900000000000058,SJ AB,1
393900000000000059,SJ AB,1
393900000000000815,SJ AB,1
393900000000000060,SJ AB,1
393900000000000163,SJ AB,1
393900000000000867,SJ AB,1
393900000000001481,SJ AB,1
393900000000000061,SJ AB,1
393900000000001323,SJ AB,1
393900000000001491,SJ AB,1
393900000000000062,SJ AB,1
393900000000000167,SJ AB,1
393900000000000168,SJ AB,1
393900000000000412,SJ AB,1
393900000000001096,SJ AB,1
393900000000001326,SJ AB,1
393900000000001790,SJ AB,1
393900000000001885,SJ AB,1
393900000000000063,SJ AB,1
393900000000000437,SJ AB,1
393900000000001123,SJ AB,1
393900000000001345,SJ AB,1
393900000000000064,SJ AB,1
393900000000000160,SJ AB,1
393900000000001126,SJ AB,1
393900000000001346,SJ AB,1
393900000000000065,SJ AB,1
393900000000000245,SJ AB,1
393900000000000396,SJ AB,1
393900000000000413,SJ AB,1
393900000000000414,SJ AB,1
393900000000000860,SJ AB,1
393900000000001127,SJ AB,1
393900000000000066,SJ AB,1
393900000000000495,SJ AB,1
393900000000000861,SJ AB,1
393900000000001347,SJ AB,1
393900000000001498,SJ AB,1
393900000000000067,SJ AB,1
393900000000001132,SJ AB,1
393900000000000068,SJ AB,1
393900000000000864,SJ AB,1
393900000000000069,SJ AB,1
393900000000000869,SJ AB,1
393900000000001513,SJ AB,1
393900000000000070,SJ AB,1
393900000000000251,SJ AB,1
393900000000000871,SJ AB,1
393900000000001140,SJ AB,1
393900000000000071,SJ AB,1
393900000000000872,SJ AB,1
393900000000000072,SJ AB,1
393900000000001151,SJ AB,1
393900000000000073,SJ AB,1
393900000000001152,SJ AB,1
393900000000000074,SJ AB,1
393900000000000695,SJ AB,1
393900000000000723,SJ AB,1
393900000000000882,SJ AB,1
393900000000001826,SJ AB,1
393900000000000075,SJ AB,1
393900000000000706,SJ AB,1
393900000000000718,SJ AB,1
393900000000000883,SJ AB,1
393900000000001827,SJ AB,1
393900000000000076,SJ AB,1
393900000000000077,SJ AB,1
393900000000000697,SJ AB,1
393900000000001153,SJ AB,1
393900000000001351,SJ AB,1
393900000000001828,SJ AB,1
393900000000000078,SJ AB,1
393900000000000711,SJ AB,1
393900000000001154,SJ AB,1
393900000000001829,SJ AB,1
393900000000000079,SJ AB,1
393900000000000080,SJ AB,1
393900000000000699,SJ AB,1
393900000000000725,SJ AB,1
393900000000000884,SJ AB,1
393900000000001155,SJ AB,1
393900000000001830,SJ AB,1
393900000000001863,SJ AB,1
393900000000000081,SJ AB,1
393900000000000082,SJ AB,1
393900000000000712,SJ AB,1
393900000000000720,SJ AB,1
393900000000000885,SJ AB,1
393900000000001352,SJ AB,1
393900000000001831,SJ AB,1
393900000000001864,SJ AB,1
393900000000000083,SJ AB,1
393900000000000701,SJ AB,1
393900000000000727,SJ AB,1
393900000000000886,SJ AB,1
393900000000001832,SJ AB,1
393900000000000084,SJ AB,1
393900000000000713,SJ AB,1
393900000000000722,SJ AB,1
393900000000000887,SJ AB,1
393900000000001833,SJ AB,1
393900000000000085,SJ AB,1
393900000000000729,SJ AB,1
393900000000000888,SJ AB,1
393900000000001865,SJ AB,1
393900000000001878,SJ AB,1
393900000000000086,SJ AB,1
393900000000000087,SJ AB,1
393900000000000732,SJ AB,1
393900000000000889,SJ AB,1
393900000000001866,SJ AB,1
393900000000000088,SJ AB,1
393900000000000703,SJ AB,1
393900000000000890,SJ AB,1
393900000000001758,SJ AB,1
393900000000001834,SJ AB,1
393900000000001879,SJ AB,1
393900000000000089,SJ AB,1
393900000000000090,SJ AB,1
393900000000000091,SJ AB,1
393900000000000714,SJ AB,1
393900000000000733,SJ AB,1
393900000000000891,SJ AB,1
393900000000001353,SJ AB,1
393900000000001759,SJ AB,1
393900000000001835,SJ AB,1
393900000000001867,SJ AB,1
393900000000001880,SJ AB,1
393900000000000092,SJ AB,1
393900000000000897,SJ AB,1
393900000000001354,SJ AB,1
393900000000000093,SJ AB,1
393900000000000564,SJ AB,1
393900000000000651,SJ AB,1
393900000000000652,SJ AB,1
393900000000000811,SJ AB,1
393900000000000812,SJ AB,1
393900000000000900,SJ AB,1
393900000000001167,SJ AB,1
393900000000001388,SJ AB,1
393900000000001389,SJ AB,1
393900000000001483,SJ AB,1
393900000000001515,SJ AB,1
393900000000001839,SJ AB,1
393900000000000094,SJ AB,1
393900000000000901,SJ AB,1
393900000000000095,SJ AB,1
393900000000000902,SJ AB,1
393900000000000096,SJ AB,1
393900000000000905,SJ AB,1
393900000000000097,SJ AB,1
393900000000000906,SJ AB,1
393900000000000098,SJ AB,1
393900000000000909,SJ AB,1
393900000000000099,SJ AB,1
393900000000000910,SJ AB,1
393900000000000100,SJ AB,1
393900000000000554,SJ AB,1
393900000000000912,SJ AB,1
393900000000001357,SJ AB,1
393900000000000101,SJ AB,1
393900000000000102,SJ AB,1
393900000000000913,SJ AB,1
393900000000001358,SJ AB,1
393900000000000103,SJ AB,1
393900000000000915,SJ AB,1
393900000000001088,SJ AB,1
393900000000000104,SJ AB,1
393900000000000918,SJ AB,1
393900000000000105,SJ AB,1
393900000000000919,SJ AB,1
393900000000000106,SJ AB,1
393900000000001183,SJ AB,1
393900000000000107,SJ AB,1
393900000000000962,SJ AB,1
393900000000000108,SJ AB,1
393900000000001371,SJ AB,1
393900000000000109,SJ AB,1
393900000000001186,SJ AB,1
393900000000000110,SJ AB,1
393900000000000965,SJ AB,1
393900000000001487,SJ AB,1
393900000000001616,SJ AB,1
393900000000000111,SJ AB,1
393900000000000966,SJ AB,1
393900000000001187,SJ AB,1
393900000000000112,SJ AB,1
393900000000000113,SJ AB,1
393900000000000967,SJ AB,1
393900000000001188,SJ AB,1
393900000000001617,SJ AB,1
393900000000000114,SJ AB,1
393900000000000968,SJ AB,1
393900000000000115,SJ AB,1
393900000000000116,SJ AB,1
393900000000000971,SJ AB,1
393900000000000117,SJ AB,1
393900000000001190,SJ AB,1
393900000000000118,SJ AB,1
393900000000000979,SJ AB,1
393900000000000119,SJ AB,1
393900000000001374,SJ AB,1
393900000000000120,SJ AB,1
393900000000000121,SJ AB,1
393900000000000980,SJ AB,1
393900000000000122,SJ AB,1
393900000000000123,SJ AB,1
393900000000000124,SJ AB,1
393900000000000125,SJ AB,1
393900000000000126,SJ AB,1
393900000000000127,SJ AB,1
393900000000000128,SJ AB,1
393900000000000129,SJ AB,1
393900000000000130,SJ AB,1
393900000000000131,SJ AB,1
393900000000000132,SJ AB,1
393900000000000133,SJ AB,1
393900000000000134,SJ AB,1
393900000000000135,SJ AB,1
393900000000000136,SJ AB,1
393900000000000137,SJ AB,1
393900000000000138,SJ AB,1
393900000000000139,SJ AB,1
393900000000000140,SJ AB,1
393900000000000141,SJ AB,1
393900000000000142,SJ AB,1
393900000000000143,SJ AB,1
393900000000000144,SJ AB,1
393900000000000145,SJ AB,1
393900000000000146,SJ AB,1
393900000000000147,SJ AB,1
393900000000000148,SJ AB,1
393900000000000149,SJ AB,1
393900000000000150,SJ AB,1
393900000000000151,SJ AB,1
393900000000000152,SJ AB,1
393900000000000153,SJ AB,1
393900000000000462,SJ AB,1
393900000000000154,SJ AB,1
393900000000000349,SJ AB,1
393900000000000155,SJ AB,1
393900000000000156,SJ AB,1
393900000000000157,SJ AB,1
393900000000001028,SJ AB,1
393900000000000158,SJ AB,1
393900000000000159,SJ AB,1
393900000000000858,SJ AB,1
393900000000001124,SJ AB,1
393900000000001288,SJ AB,1
393900000000000161,SJ AB,1
393900000000000863,SJ AB,1
393900000000001499,SJ AB,1
393900000000000162,SJ AB,1
393900000000000866,SJ AB,1
393900000000001488,SJ AB,1
393900000000000164,SJ AB,1
393900000000000868,SJ AB,1
393900000000000165,SJ AB,1
393900000000001137,SJ AB,1
393900000000000166,SJ AB,1
393900000000000873,SJ AB,1
393900000000000169,SJ AB,1
393900000000001086,SJ AB,1
393900000000001504,SJ AB,1
393900000000001646,SJ AB,1
393900000000000170,SJ AB,1
393900000000000171,SJ AB,1
393900000000000206,SJ AB,1
393900000000000961,SJ AB,1
393900000000000172,SJ AB,1
393900000000000184,SJ AB,1
393900000000001048,SJ AB,1
393900000000001269,SJ AB,1
393900000000000173,SJ AB,1
393900000000001087,SJ AB,1
393900000000001505,SJ AB,1
393900000000001648,SJ AB,1
393900000000000174,SJ AB,1
393900000000001184,SJ AB,1
393900000000000175,SJ AB,1
393900000000001009,SJ AB,1
393900000000001235,SJ AB,1
393900000000000176,SJ AB,1
393900000000001012,SJ AB,1
393900000000001237,SJ AB,1
393900000000000177,SJ AB,1
393900000000000378,SJ AB,1
393900000000000509,SJ AB,1
393900000000001013,SJ AB,1
393900000000000178,SJ AB,1
393900000000000179,SJ AB,1
393900000000001015,SJ AB,1
393900000000001239,SJ AB,1
393900000000000180,SJ AB,1
393900000000001018,SJ AB,1
393900000000001241,SJ AB,1
393900000000000181,SJ AB,1
393900000000001024,SJ AB,1
393900000000001500,SJ AB,1
393900000000001822,SJ AB,1
393900000000000182,SJ AB,1
393900000000001040,SJ AB,1
393900000000001261,SJ AB,1
393900000000000183,SJ AB,1
393900000000001046,SJ AB,1
393900000000001267,SJ AB,1
393900000000000185,SJ AB,1
393900000000000963,SJ AB,1
393900000000000186,SJ AB,1
393900000000000976,SJ AB,1
393900000000001625,SJ AB,1
393900000000000187,SJ AB,1
393900000000000978,SJ AB,1
393900000000000188,SJ AB,1
393900000000000189,SJ AB,1
393900000000000190,SJ AB,1
393900000000000191,SJ AB,1
393900000000000546,SJ AB,1
393900000000000999,SJ AB,1
393900000000001382,SJ AB,1
393900000000001621,SJ AB,1
393900000000001684,SJ AB,1
393900000000001690,SJ AB,1
393900000000001757,SJ AB,1
393900000000000192,SJ AB,1
393900000000001566,SJ AB,1
393900000000000193,SJ AB,1
393900000000000194,SJ AB,1
393900000000000663,SJ AB,1
393900000000000837,SJ AB,1
393900000000001445,SJ AB,1
393900000000001522,SJ AB,1
393900000000001557,SJ AB,1
393900000000000195,SJ AB,1
393900000000000664,SJ AB,1
393900000000000855,SJ AB,1
393900000000001276,SJ AB,1
393900000000001558,SJ AB,1
393900000000000196,SJ AB,1
393900000000000857,SJ AB,1
393900000000001277,SJ AB,1
393900000000001519,SJ AB,1
393900000000000197,SJ AB,1
393900000000000246,SJ AB,1
393900000000000397,SJ AB,1
393900000000000398,SJ AB,1
393900000000000438,SJ AB,1
393900000000000862,SJ AB,1
393900000000001130,SJ AB,1
393900000000001348,SJ AB,1
393900000000000198,SJ AB,1
393900000000000250,SJ AB,1
393900000000000870,SJ AB,1
393900000000001139,SJ AB,1
393900000000001489,SJ AB,1
393900000000000199,SJ AB,1
393900000000000875,SJ AB,1
393900000000000200,SJ AB,1
393900000000000255,SJ AB,1
393900000000000653,SJ AB,1
393900000000000896,SJ AB,1
393900000000001081,SJ AB,1
393900000000001161,SJ AB,1
393900000000000201,SJ AB,1
393900000000000439,SJ AB,1
393900000000000914,SJ AB,1
393900000000001359,SJ AB,1
393900000000000202,SJ AB,1
393900000000000922,SJ AB,1
393900000000001446,SJ AB,1
393900000000000203,SJ AB,1
393900000000000927,SJ AB,1
393900000000000204,SJ AB,1
393900000000000639,SJ AB,1
393900000000000951,SJ AB,1
393900000000001084,SJ AB,1
393900000000001509,SJ AB,1
393900000000000205,SJ AB,1
393900000000000960,SJ AB,1
393900000000001486,SJ AB,1
393900000000000207,SJ AB,1
393900000000000969,SJ AB,1
393900000000000208,SJ AB,1
393900000000000970,SJ AB,1
393900000000001623,SJ AB,1
393900000000000209,SJ AB,1
393900000000000442,SJ AB,1
393900000000000972,SJ AB,1
393900000000001372,SJ AB,1
393900000000001618,SJ AB,1
393900000000000210,SJ AB,1
393900000000000973,SJ AB,1
393900000000001624,SJ AB,1
393900000000000211,SJ AB,1
393900000000000977,SJ AB,1
393900000000000212,SJ AB,1
393900000000000981,SJ AB,1
393900000000000213,SJ AB,1
393900000000000321,SJ AB,1
393900000000000214,SJ AB,1
393900000000000215,SJ AB,1
393900000000000216,SJ AB,1
393900000000000329,SJ AB,1
393900000000000217,SJ AB,1
393900000000000340,SJ AB,1
393900000000000461,SJ AB,1
393900000000000218,SJ AB,1
393900000000000654,SJ AB,1
393900000000000928,SJ AB,1
393900000000001082,SJ AB,1
393900000000000219,SJ AB,1
393900000000000220,SJ AB,1
393900000000001091,SJ AB,1
393900000000000221,SJ AB,1
393900000000000406,SJ AB,1
393900000000000407,SJ AB,1
393900000000001094,SJ AB,1
393900000000001735,SJ AB,1
393900000000001751,SJ AB,1
393900000000001883,SJ AB,1
393900000000000222,SJ AB,1
393900000000000408,SJ AB,1
393900000000000409,SJ AB,1
393900000000000410,SJ AB,1
393900000000001098,SJ AB,1
393900000000001327,SJ AB,1
393900000000001792,SJ AB,1
393900000000000224,SJ AB,1
393900000000000404,SJ AB,1
393900000000000405,SJ AB,1
393900000000000491,SJ AB,1
393900000000000820,SJ AB,1
393900000000001100,SJ AB,1
393900000000001330,SJ AB,1
393900000000001704,SJ AB,1
393900000000001795,SJ AB,1
393900000000001841,SJ AB,1
393900000000001886,SJ AB,1
393900000000000225,SJ AB,1
393900000000000429,SJ AB,1
393900000000000492,SJ AB,1
393900000000000822,SJ AB,1
393900000000001102,SJ AB,1
393900000000001331,SJ AB,1
393900000000001797,SJ AB,1
393900000000001888,SJ AB,1
393900000000000226,SJ AB,1
393900000000000430,SJ AB,1
393900000000000823,SJ AB,1
393900000000001798,SJ AB,1
393900000000001843,SJ AB,1
393900000000000227,SJ AB,1
393900000000000825,SJ AB,1
393900000000001104,SJ AB,1
393900000000001333,SJ AB,1
393900000000001800,SJ AB,1
393900000000001845,SJ AB,1
393900000000000228,SJ AB,1
393900000000000828,SJ AB,1
393900000000001802,SJ AB,1
393900000000001847,SJ AB,1
393900000000000229,SJ AB,1
393900000000000418,SJ AB,1
393900000000000431,SJ AB,1
393900000000000829,SJ AB,1
393900000000001106,SJ AB,1
393900000000001301,SJ AB,1
393900000000001803,SJ AB,1
393900000000001890,SJ AB,1
393900000000000230,SJ AB,1
393900000000000419,SJ AB,1
393900000000000831,SJ AB,1
393900000000001108,SJ AB,1
393900000000001805,SJ AB,1
393900000000001848,SJ AB,1
393900000000000231,SJ AB,1
393900000000000832,SJ AB,1
393900000000001302,SJ AB,1
393900000000001806,SJ AB,1
393900000000001849,SJ AB,1
393900000000000232,SJ AB,1
393900000000000432,SJ AB,1
393900000000000833,SJ AB,1
393900000000001284,SJ AB,1
393900000000001548,SJ AB,1
393900000000001807,SJ AB,1
393900000000000233,SJ AB,1
393900000000000420,SJ AB,1
393900000000000834,SJ AB,1
393900000000001109,SJ AB,1
393900000000001303,SJ AB,1
393900000000001335,SJ AB,1
393900000000001808,SJ AB,1
393900000000001850,SJ AB,1
393900000000001891,SJ AB,1
393900000000000234,SJ AB,1
393900000000000421,SJ AB,1
393900000000000433,SJ AB,1
393900000000000836,SJ AB,1
393900000000001304,SJ AB,1
393900000000001337,SJ AB,1
393900000000001810,SJ AB,1
393900000000001852,SJ AB,1
393900000000000235,SJ AB,1
393900000000000838,SJ AB,1
393900000000001111,SJ AB,1
393900000000001811,SJ AB,1
393900000000000236,SJ AB,1
393900000000000493,SJ AB,1
393900000000000548,SJ AB,1
393900000000000840,SJ AB,1
393900000000001112,SJ AB,1
393900000000001339,SJ AB,1
393900000000001813,SJ AB,1
393900000000001854,SJ AB,1
393900000000001893,SJ AB,1
393900000000000237,SJ AB,1
393900000000000415,SJ AB,1
393900000000000841,SJ AB,1
393900000000001283,SJ AB,1
393900000000001322,SJ AB,1
393900000000001340,SJ AB,1
393900000000001479,SJ AB,1
393900000000001559,SJ AB,1
393900000000001682,SJ AB,1
393900000000001814,SJ AB,1
393900000000001855,SJ AB,1
393900000000001894,SJ AB,1
393900000000000238,SJ AB,1
393900000000000434,SJ AB,1
393900000000000842,SJ AB,1
393900000000001341,SJ AB,1
393900000000001815,SJ AB,1
393900000000001856,SJ AB,1
393900000000000239,SJ AB,1
393900000000000844,SJ AB,1
393900000000001113,SJ AB,1
393900000000001816,SJ AB,1
393900000000001895,SJ AB,1
393900000000000240,SJ AB,1
393900000000000422,SJ AB,1
393900000000000494,SJ AB,1
393900000000000848,SJ AB,1
393900000000001117,SJ AB,1
393900000000001306,SJ AB,1
393900000000001343,SJ AB,1
393900000000001872,SJ AB,1
393900000000001896,SJ AB,1
393900000000001904,SJ AB,1
393900000000000241,SJ AB,1
393900000000000436,SJ AB,1
393900000000001122,SJ AB,1
393900000000001275,SJ AB,1
393900000000001492,SJ AB,1
393900000000000242,SJ AB,1
393900000000000423,SJ AB,1
393900000000000856,SJ AB,1
393900000000001281,SJ AB,1
393900000000001320,SJ AB,1
393900000000001518,SJ AB,1
393900000000001560,SJ AB,1
393900000000000243,SJ AB,1
393900000000001125,SJ AB,1
393900000000000244,SJ AB,1
393900000000000656,SJ AB,1
393900000000000859,SJ AB,1
393900000000001080,SJ AB,1
393900000000000247,SJ AB,1
393900000000000424,SJ AB,1
393900000000001282,SJ AB,1
393900000000001321,SJ AB,1
393900000000001644,SJ AB,1
393900000000001645,SJ AB,1
393900000000000248,SJ AB,1
393900000000000865,SJ AB,1
393900000000001135,SJ AB,1
393900000000000249,SJ AB,1
393900000000001138,SJ AB,1
393900000000000252,SJ AB,1
393900000000000874,SJ AB,1
393900000000001142,SJ AB,1
393900000000000253,SJ AB,1
393900000000001144,SJ AB,1
393900000000001753,SJ AB,1
393900000000001754,SJ AB,1
393900000000000254,SJ AB,1
393900000000000256,SJ AB,1
393900000000000496,SJ AB,1
393900000000000907,SJ AB,1
393900000000001484,SJ AB,1
393900000000000257,SJ AB,1
393900000000000908,SJ AB,1
393900000000001485,SJ AB,1
393900000000000258,SJ AB,1
393900000000000916,SJ AB,1
393900000000000259,SJ AB,1
393900000000000921,SJ AB,1
393900000000000260,SJ AB,1
393900000000000425,SJ AB,1
393900000000000923,SJ AB,1
393900000000000261,SJ AB,1
393900000000000440,SJ AB,1
393900000000001168,SJ AB,1
393900000000000262,SJ AB,1
393900000000000441,SJ AB,1
393900000000001172,SJ AB,1
393900000000001364,SJ AB,1
393900000000001511,SJ AB,1
393900000000001550,SJ AB,1
393900000000000263,SJ AB,1
393900000000000264,SJ AB,1
393900000000000265,SJ AB,1
393900000000000443,SJ AB,1
393900000000000266,SJ AB,1
393900000000000399,SJ AB,1
393900000000000444,SJ AB,1
393900000000000267,SJ AB,1
393900000000000400,SJ AB,1
393900000000000445,SJ AB,1
393900000000000497,SJ AB,1
393900000000000268,SJ AB,1
393900000000000446,SJ AB,1
393900000000000269,SJ AB,1
393900000000000401,SJ AB,1
393900000000000402,SJ AB,1
393900000000000447,SJ AB,1
393900000000000270,SJ AB,1
393900000000000498,SJ AB,1
393900000000000271,SJ AB,1
393900000000000448,SJ AB,1
393900000000000272,SJ AB,1
393900000000000573,SJ AB,1
393900000000000998,SJ AB,1
393900000000001311,SJ AB,1
393900000000001612,SJ AB,1
393900000000001620,SJ AB,1
393900000000001821,SJ AB,1
393900000000001862,SJ AB,1
393900000000001897,SJ AB,1
393900000000000273,SJ AB,1
393900000000000499,SJ AB,1
393900000000000274,SJ AB,1
393900000000000275,SJ AB,1
393900000000000449,SJ AB,1
393900000000000276,SJ AB,1
393900000000000277,SJ AB,1
393900000000000450,SJ AB,1
393900000000000500,SJ AB,1
393900000000000278,SJ AB,1
393900000000000426,SJ AB,1
393900000000000452,SJ AB,1
393900000000000501,SJ AB,1
393900000000000279,SJ AB,1
393900000000000502,SJ AB,1
393900000000000280,SJ AB,1
393900000000000453,SJ AB,1
393900000000000503,SJ AB,1
393900000000000281,SJ AB,1
393900000000000504,SJ AB,1
393900000000000282,SJ AB,1
393900000000001204,SJ AB,1
393900000000001898,SJ AB,1
393900000000000283,SJ AB,1
393900000000001205,SJ AB,1
393900000000000284,SJ AB,1
393900000000001206,SJ AB,1
393900000000001553,SJ AB,1
393900000000000285,SJ AB,1
393900000000001207,SJ AB,1
393900000000000286,SJ AB,1
393900000000001208,SJ AB,1
393900000000000287,SJ AB,1
393900000000000403,SJ AB,1
393900000000001209,SJ AB,1
393900000000001899,SJ AB,1
393900000000000288,SJ AB,1
393900000000001210,SJ AB,1
393900000000000289,SJ AB,1
393900000000001211,SJ AB,1
393900000000001900,SJ AB,1
393900000000000290,SJ AB,1
393900000000001212,SJ AB,1
393900000000001312,SJ AB,1
393900000000000291,SJ AB,1
393900000000001213,SJ AB,1
393900000000000292,SJ AB,1
393900000000001214,SJ AB,1
393900000000001901,SJ AB,1
393900000000000293,SJ AB,1
393900000000001285,SJ AB,1
393900000000001551,SJ AB,1
393900000000000294,SJ AB,1
393900000000001215,SJ AB,1
393900000000001902,SJ AB,1
393900000000000295,SJ AB,1
393900000000001216,SJ AB,1
393900000000001313,SJ AB,1
393900000000000296,SJ AB,1
393900000000001217,SJ AB,1
393900000000001314,SJ AB,1
393900000000000297,SJ AB,1
393900000000001218,SJ AB,1
393900000000000298,SJ AB,1
393900000000001219,SJ AB,1
393900000000000299,SJ AB,1
393900000000001220,SJ AB,1
393900000000001903,SJ AB,1
393900000000000300,SJ AB,1
393900000000000301,SJ AB,1
393900000000000302,SJ AB,1
393900000000000303,SJ AB,1
393900000000000304,SJ AB,1
393900000000000305,SJ AB,1
393900000000000306,SJ AB,1
393900000000000307,SJ AB,1
393900000000000308,SJ AB,1
393900000000000309,SJ AB,1
393900000000000310,SJ AB,1
393900000000000311,SJ AB,1
393900000000000312,SJ AB,1
393900000000000454,SJ AB,1
393900000000001001,SJ AB,1
393900000000001221,SJ AB,1
393900000000000313,SJ AB,1
393900000000000314,SJ AB,1
393900000000000315,SJ AB,1
393900000000000455,SJ AB,1
393900000000001002,SJ AB,1
393900000000001223,SJ AB,1
393900000000000317,SJ AB,1
393900000000000318,SJ AB,1
393900000000000319,SJ AB,1
393900000000000320,SJ AB,1
393900000000000456,SJ AB,1
393900000000001003,SJ AB,1
393900000000001226,SJ AB,1
393900000000000322,SJ AB,1
393900000000000323,SJ AB,1
393900000000000457,SJ AB,1
393900000000000324,SJ AB,1
393900000000000325,SJ AB,1
393900000000000326,SJ AB,1
393900000000000458,SJ AB,1
393900000000001004,SJ AB,1
393900000000000327,SJ AB,1
393900000000000328,SJ AB,1
393900000000000330,SJ AB,1
393900000000000331,SJ AB,1
393900000000000332,SJ AB,1
393900000000000333,SJ AB,1
393900000000000334,SJ AB,1
393900000000000335,SJ AB,1
393900000000000336,SJ AB,1
393900000000000337,SJ AB,1
393900000000000338,SJ AB,1
393900000000000459,SJ AB,1
393900000000000339,SJ AB,1
393900000000000460,SJ AB,1
393900000000000341,SJ AB,1
393900000000000463,SJ AB,1
393900000000001005,SJ AB,1
393900000000001229,SJ AB,1
393900000000000342,SJ AB,1
393900000000000506,SJ AB,1
393900000000000344,SJ AB,1
393900000000000465,SJ AB,1
393900000000000345,SJ AB,1
393900000000000347,SJ AB,1
393900000000000348,SJ AB,1
393900000000000466,SJ AB,1
393900000000000350,SJ AB,1
393900000000000468,SJ AB,1
393900000000001006,SJ AB,1
393900000000001501,SJ AB,1
393900000000001823,SJ AB,1
393900000000000351,SJ AB,1
393900000000000352,SJ AB,1
393900000000000353,SJ AB,1
393900000000000354,SJ AB,1
393900000000000355,SJ AB,1
393900000000000469,SJ AB,1
393900000000000356,SJ AB,1
393900000000000357,SJ AB,1
393900000000000358,SJ AB,1
393900000000000359,SJ AB,1
393900000000000360,SJ AB,1
393900000000000361,SJ AB,1
393900000000000362,SJ AB,1
393900000000000363,SJ AB,1
393900000000000364,SJ AB,1
393900000000000543,SJ AB,1
393900000000000365,SJ AB,1
393900000000000470,SJ AB,1
393900000000001007,SJ AB,1
393900000000001232,SJ AB,1
393900000000000366,SJ AB,1
393900000000000367,SJ AB,1
393900000000000368,SJ AB,1
393900000000000369,SJ AB,1
393900000000000471,SJ AB,1
393900000000001008,SJ AB,1
393900000000000370,SJ AB,1
393900000000000371,SJ AB,1
393900000000000372,SJ AB,1
393900000000000373,SJ AB,1
393900000000000374,SJ AB,1
393900000000000375,SJ AB,1
393900000000000376,SJ AB,1
393900000000000377,SJ AB,1
393900000000000472,SJ AB,1
393900000000001010,SJ AB,1
393900000000001502,SJ AB,1
393900000000001824,SJ AB,1
393900000000000379,SJ AB,1
393900000000000473,SJ AB,1
393900000000001016,SJ AB,1
393900000000001503,SJ AB,1
393900000000001825,SJ AB,1
393900000000000380,SJ AB,1
393900000000000474,SJ AB,1
393900000000001019,SJ AB,1
393900000000001315,SJ AB,1
393900000000000382,SJ AB,1
393900000000000476,SJ AB,1
393900000000001022,SJ AB,1
393900000000001244,SJ AB,1
393900000000000383,SJ AB,1
393900000000000477,SJ AB,1
393900000000001025,SJ AB,1
393900000000001246,SJ AB,1
393900000000000384,SJ AB,1
393900000000000478,SJ AB,1
393900000000001027,SJ AB,1
393900000000001316,SJ AB,1
393900000000000385,SJ AB,1
393900000000000479,SJ AB,1
393900000000001029,SJ AB,1
393900000000001248,SJ AB,1
393900000000000386,SJ AB,1
393900000000000480,SJ AB,1
393900000000001031,SJ AB,1
393900000000001250,SJ AB,1
393900000000000387,SJ AB,1
393900000000000481,SJ AB,1
393900000000001032,SJ AB,1
393900000000001251,SJ AB,1
393900000000000388,SJ AB,1
393900000000000482,SJ AB,1
393900000000001034,SJ AB,1
393900000000001254,SJ AB,1
393900000000000389,SJ AB,1
393900000000000483,SJ AB,1
393900000000001035,SJ AB,1
393900000000001255,SJ AB,1
393900000000000390,SJ AB,1
393900000000000484,SJ AB,1
393900000000001037,SJ AB,1
393900000000001258,SJ AB,1
393900000000000391,SJ AB,1
393900000000000485,SJ AB,1
393900000000001038,SJ AB,1
393900000000001259,SJ AB,1
393900000000000392,SJ AB,1
393900000000000489,SJ AB,1
393900000000001041,SJ AB,1
393900000000001262,SJ AB,1
393900000000000393,SJ AB,1
393900000000000486,SJ AB,1
393900000000001043,SJ AB,1
393900000000001264,SJ AB,1
393900000000000394,SJ AB,1
393900000000000487,SJ AB,1
393900000000001044,SJ AB,1
393900000000001265,SJ AB,1
393900000000000395,SJ AB,1
393900000000000488,SJ AB,1
393900000000001047,SJ AB,1
393900000000001268,SJ AB,1
393900000000000411,SJ AB,1
393900000000000467,SJ AB,1
393900000000000508,SJ AB,1
393900000000000416,SJ AB,1
393900000000001567,SJ AB,1
393900000000000417,SJ AB,1
393900000000000427,SJ AB,1
393900000000001279,SJ AB,1
393900000000001397,SJ AB,1
393900000000001516,SJ AB,1
393900000000001642,SJ AB,1
393900000000001643,SJ AB,1
393900000000000435,SJ AB,1
393900000000001280,SJ AB,1
393900000000001480,SJ AB,1
393900000000001517,SJ AB,1
393900000000000451,SJ AB,1
393900000000000464,SJ AB,1
393900000000000505,SJ AB,1
393900000000000510,SJ AB,1
393900000000000547,SJ AB,1
393900000000000824,SJ AB,1
393900000000001103,SJ AB,1
393900000000001332,SJ AB,1
393900000000001685,SJ AB,1
393900000000001799,SJ AB,1
393900000000001844,SJ AB,1
393900000000000511,SJ AB,1
393900000000001145,SJ AB,1
393900000000000512,SJ AB,1
393900000000001146,SJ AB,1
393900000000001289,SJ AB,1
393900000000001638,SJ AB,1
393900000000001676,SJ AB,1
393900000000001694,SJ AB,1
393900000000001705,SJ AB,1
393900000000001738,SJ AB,1
393900000000000513,SJ AB,1
393900000000001147,SJ AB,1
393900000000001636,SJ AB,1
393900000000001677,SJ AB,1
393900000000001687,SJ AB,1
393900000000001691,SJ AB,1
393900000000001701,SJ AB,1
393900000000001731,SJ AB,1
393900000000001743,SJ AB,1
393900000000000514,SJ AB,1
393900000000000877,SJ AB,1
393900000000001637,SJ AB,1
393900000000001678,SJ AB,1
393900000000001688,SJ AB,1
393900000000001689,SJ AB,1
393900000000001692,SJ AB,1
393900000000001702,SJ AB,1
393900000000001733,SJ AB,1
393900000000001745,SJ AB,1
393900000000001747,SJ AB,1
393900000000000515,SJ AB,1
393900000000000561,SJ AB,1
393900000000000878,SJ AB,1
393900000000001679,SJ AB,1
393900000000001693,SJ AB,1
393900000000001703,SJ AB,1
393900000000001734,SJ AB,1
393900000000001748,SJ AB,1
393900000000000516,SJ AB,1
393900000000000879,SJ AB,1
393900000000000517,SJ AB,1
393900000000000880,SJ AB,1
393900000000001148,SJ AB,1
393900000000001290,SJ AB,1
393900000000001610,SJ AB,1
393900000000001667,SJ AB,1
393900000000001750,SJ AB,1
393900000000000518,SJ AB,1
393900000000000552,SJ AB,1
393900000000001149,SJ AB,1
393900000000000519,SJ AB,1
393900000000001156,SJ AB,1
393900000000000520,SJ AB,1
393900000000000692,SJ AB,1
393900000000001158,SJ AB,1
393900000000000521,SJ AB,1
393900000000000749,SJ AB,1
393900000000000522,SJ AB,1
393900000000000894,SJ AB,1
393900000000000523,SJ AB,1
393900000000000911,SJ AB,1
393900000000000524,SJ AB,1
393900000000000555,SJ AB,1
393900000000000917,SJ AB,1
393900000000001360,SJ AB,1
393900000000001683,SJ AB,1
393900000000000525,SJ AB,1
393900000000001191,SJ AB,1
393900000000001292,SJ AB,1
393900000000000526,SJ AB,1
393900000000001192,SJ AB,1
393900000000000527,SJ AB,1
393900000000000685,SJ AB,1
393900000000000982,SJ AB,1
393900000000000528,SJ AB,1
393900000000000529,SJ AB,1
393900000000000565,SJ AB,1
393900000000000983,SJ AB,1
393900000000001194,SJ AB,1
393900000000000530,SJ AB,1
393900000000000566,SJ AB,1
393900000000000686,SJ AB,1
393900000000000984,SJ AB,1
393900000000000531,SJ AB,1
393900000000000557,SJ AB,1
393900000000000567,SJ AB,1
393900000000000985,SJ AB,1
393900000000001196,SJ AB,1
393900000000001376,SJ AB,1
393900000000001496,SJ AB,1
393900000000001699,SJ AB,1
393900000000001706,SJ AB,1
393900000000001820,SJ AB,1
393900000000000532,SJ AB,1
393900000000000655,SJ AB,1
393900000000000987,SJ AB,1
393900000000000533,SJ AB,1
393900000000000689,SJ AB,1
393900000000000988,SJ AB,1
393900000000000534,SJ AB,1
393900000000000558,SJ AB,1
393900000000000989,SJ AB,1
393900000000001377,SJ AB,1
393900000000001395,SJ AB,1
393900000000000535,SJ AB,1
393900000000000559,SJ AB,1
393900000000000657,SJ AB,1
393900000000000990,SJ AB,1
393900000000001378,SJ AB,1
393900000000000536,SJ AB,1
393900000000000991,SJ AB,1
393900000000001197,SJ AB,1
393900000000001291,SJ AB,1
393900000000001319,SJ AB,1
393900000000001497,SJ AB,1
393900000000001520,SJ AB,1
393900000000001700,SJ AB,1
393900000000001730,SJ AB,1
393900000000000537,SJ AB,1
393900000000000992,SJ AB,1
393900000000001198,SJ AB,1
393900000000000538,SJ AB,1
393900000000000688,SJ AB,1
393900000000000993,SJ AB,1
393900000000001379,SJ AB,1
393900000000000539,SJ AB,1
393900000000000994,SJ AB,1
393900000000000540,SJ AB,1
393900000000000691,SJ AB,1
393900000000000995,SJ AB,1
393900000000001380,SJ AB,1
393900000000000541,SJ AB,1
393900000000000542,SJ AB,1
393900000000000544,SJ AB,1
393900000000000545,SJ AB,1
393900000000000549,SJ AB,1
393900000000000846,SJ AB,1
393900000000001115,SJ AB,1
393900000000001818,SJ AB,1
393900000000001836,SJ AB,1
393900000000001858,SJ AB,1
393900000000001870,SJ AB,1
393900000000000550,SJ AB,1
393900000000001349,SJ AB,1
393900000000001742,SJ AB,1
393900000000000551,SJ AB,1
393900000000001350,SJ AB,1
393900000000001744,SJ AB,1
393900000000000553,SJ AB,1
393900000000000563,SJ AB,1
393900000000000636,SJ AB,1
393900000000000637,SJ AB,1
393900000000000790,SJ AB,1
393900000000000791,SJ AB,1
393900000000000898,SJ AB,1
393900000000001270,SJ AB,1
393900000000001271,SJ AB,1
393900000000001355,SJ AB,1
393900000000001482,SJ AB,1
393900000000001514,SJ AB,1
393900000000001838,SJ AB,1
393900000000000556,SJ AB,1
393900000000001193,SJ AB,1
393900000000001375,SJ AB,1
393900000000000560,SJ AB,1
393900000000000876,SJ AB,1
393900000000001746,SJ AB,1
393900000000000562,SJ AB,1
393900000000000881,SJ AB,1
393900000000001439,SJ AB,1
393900000000000568,SJ AB,1
393900000000001166,SJ AB,1
393900000000000569,SJ AB,1
393900000000000899,SJ AB,1
393900000000000570,SJ AB,1
393900000000000903,SJ AB,1
393900000000000571,SJ AB,1
393900000000000904,SJ AB,1
393900000000000572,SJ AB,1
393900000000000986,SJ AB,1
393900000000001076,SJ AB,1
393900000000001490,SJ AB,1
393900000000000574,SJ AB,1
393900000000000575,SJ AB,1
393900000000000576,SJ AB,1
393900000000000577,SJ AB,1
393900000000000578,SJ AB,1
393900000000000579,SJ AB,1
393900000000000581,SJ AB,1
393900000000000582,SJ AB,1
393900000000000583,SJ AB,1
393900000000000584,SJ AB,1
393900000000000585,SJ AB,1
393900000000000586,SJ AB,1
393900000000000587,SJ AB,1
393900000000000588,SJ AB,1
393900000000000589,SJ AB,1
393900000000000590,SJ AB,1
393900000000000591,SJ AB,1
393900000000000592,SJ AB,1
393900000000000645,SJ AB,1
393900000000000757,SJ AB,1
393900000000000793,SJ AB,1
393900000000000794,SJ AB,1
393900000000000795,SJ AB,1
393900000000000814,SJ AB,1
393900000000001287,SJ AB,1
393900000000001299,SJ AB,1
393900000000001561,SJ AB,1
393900000000001569,SJ AB,1
393900000000001641,SJ AB,1
393900000000001668,SJ AB,1
393900000000001669,SJ AB,1
393900000000001695,SJ AB,1
393900000000001736,SJ AB,1
393900000000001740,SJ AB,1
393900000000001905,SJ AB,1
393900000000001906,SJ AB,1
393900000000000593,SJ AB,1
393900000000001181,SJ AB,1
393900000000001614,SJ AB,1
393900000000000594,SJ AB,1
393900000000001182,SJ AB,1
393900000000000595,SJ AB,1
393900000000001185,SJ AB,1
393900000000001640,SJ AB,1
393900000000000596,SJ AB,1
393900000000000974,SJ AB,1
393900000000000597,SJ AB,1
393900000000001373,SJ AB,1
393900000000001619,SJ AB,1
393900000000000598,SJ AB,1
393900000000001189,SJ AB,1
393900000000001286,SJ AB,1
393900000000000599,SJ AB,1
393900000000000600,SJ AB,1
393900000000000646,SJ AB,1
393900000000000758,SJ AB,1
393900000000000796,SJ AB,1
393900000000000797,SJ AB,1
393900000000000798,SJ AB,1
393900000000000800,SJ AB,1
393900000000000854,SJ AB,1
393900000000001438,SJ AB,1
393900000000001530,SJ AB,1
393900000000001562,SJ AB,1
393900000000001595,SJ AB,1
393900000000001611,SJ AB,1
393900000000001654,SJ AB,1
393900000000001658,SJ AB,1
393900000000001670,SJ AB,1
393900000000001674,SJ AB,1
393900000000001675,SJ AB,1
393900000000001680,SJ AB,1
393900000000001737,SJ AB,1
393900000000001741,SJ AB,1
393900000000001875,SJ AB,1
393900000000000601,SJ AB,1
393900000000000643,SJ AB,1
393900000000000776,SJ AB,1
393900000000001169,SJ AB,1
393900000000001293,SJ AB,1
393900000000001510,SJ AB,1
393900000000000602,SJ AB,1
393900000000000777,SJ AB,1
393900000000001170,SJ AB,1
393900000000000603,SJ AB,1
393900000000000778,SJ AB,1
393900000000001171,SJ AB,1
393900000000000604,SJ AB,1
393900000000000759,SJ AB,1
393900000000000779,SJ AB,1
393900000000000804,SJ AB,1
393900000000001078,SJ AB,1
393900000000000605,SJ AB,1
393900000000000760,SJ AB,1
393900000000000780,SJ AB,1
393900000000000805,SJ AB,1
393900000000000929,SJ AB,1
393900000000000606,SJ AB,1
393900000000000640,SJ AB,1
393900000000000761,SJ AB,1
393900000000000781,SJ AB,1
393900000000000806,SJ AB,1
393900000000000930,SJ AB,1
393900000000000607,SJ AB,1
393900000000000648,SJ AB,1
393900000000000763,SJ AB,1
393900000000000783,SJ AB,1
393900000000000808,SJ AB,1
393900000000001077,SJ AB,1
393900000000001362,SJ AB,1
393900000000000608,SJ AB,1
393900000000000649,SJ AB,1
393900000000000764,SJ AB,1
393900000000000784,SJ AB,1
393900000000000799,SJ AB,1
393900000000000801,SJ AB,1
393900000000000809,SJ AB,1
393900000000000932,SJ AB,1
393900000000001363,SJ AB,1
393900000000000609,SJ AB,1
393900000000000765,SJ AB,1
393900000000000785,SJ AB,1
393900000000000810,SJ AB,1
393900000000000933,SJ AB,1
393900000000000610,SJ AB,1
393900000000000641,SJ AB,1
393900000000000642,SJ AB,1
393900000000000766,SJ AB,1
393900000000000786,SJ AB,1
393900000000000792,SJ AB,1
393900000000000802,SJ AB,1
393900000000000934,SJ AB,1
393900000000001079,SJ AB,1
393900000000001531,SJ AB,1
393900000000001697,SJ AB,1
393900000000000611,SJ AB,1
393900000000000638,SJ AB,1
393900000000000767,SJ AB,1
393900000000000787,SJ AB,1
393900000000000813,SJ AB,1
393900000000000935,SJ AB,1
393900000000001532,SJ AB,1
393900000000001698,SJ AB,1
393900000000001749,SJ AB,1
393900000000000612,SJ AB,1
393900000000001176,SJ AB,1
393900000000001552,SJ AB,1
393900000000001639,SJ AB,1
393900000000000613,SJ AB,1
393900000000000738,SJ AB,1
393900000000001177,SJ AB,1
393900000000001470,SJ AB,1
393900000000001707,SJ AB,1
393900000000000614,SJ AB,1
393900000000001178,SJ AB,1
393900000000000615,SJ AB,1
393900000000000679,SJ AB,1
393900000000000770,SJ AB,1
393900000000001052,SJ AB,1
393900000000001415,SJ AB,1
393900000000001724,SJ AB,1
393900000000000616,SJ AB,1
393900000000001179,SJ AB,1
393900000000001365,SJ AB,1
393900000000000617,SJ AB,1
393900000000000942,SJ AB,1
393900000000001274,SJ AB,1
393900000000001426,SJ AB,1
393900000000001471,SJ AB,1
393900000000001474,SJ AB,1
393900000000001588,SJ AB,1
393900000000001601,SJ AB,1
393900000000000618,SJ AB,1
393900000000000673,SJ AB,1
393900000000000754,SJ AB,1
393900000000000771,SJ AB,1
393900000000000943,SJ AB,1
393900000000001418,SJ AB,1
393900000000001419,SJ AB,1
393900000000001472,SJ AB,1
393900000000001473,SJ AB,1
393900000000001710,SJ AB,1
393900000000000619,SJ AB,1
393900000000001053,SJ AB,1
393900000000001420,SJ AB,1
393900000000001712,SJ AB,1
393900000000000620,SJ AB,1
393900000000000741,SJ AB,1
393900000000000945,SJ AB,1
393900000000001054,SJ AB,1
393900000000001455,SJ AB,1
393900000000001546,SJ AB,1
393900000000001635,SJ AB,1
393900000000001714,SJ AB,1
393900000000000621,SJ AB,1
393900000000000947,SJ AB,1
393900000000001272,SJ AB,1
393900000000001366,SJ AB,1
393900000000001477,SJ AB,1
393900000000000622,SJ AB,1
393900000000000742,SJ AB,1
393900000000001055,SJ AB,1
393900000000001717,SJ AB,1
393900000000000623,SJ AB,1
393900000000000949,SJ AB,1
393900000000001463,SJ AB,1
393900000000001581,SJ AB,1
393900000000001718,SJ AB,1
393900000000000624,SJ AB,1
393900000000000950,SJ AB,1
393900000000001367,SJ AB,1
393900000000001538,SJ AB,1
393900000000001626,SJ AB,1
393900000000001719,SJ AB,1
393900000000000625,SJ AB,1
393900000000000670,SJ AB,1
393900000000001062,SJ AB,1
393900000000001368,SJ AB,1
393900000000001607,SJ AB,1
393900000000001725,SJ AB,1
393900000000000626,SJ AB,1
393900000000000682,SJ AB,1
393900000000000952,SJ AB,1
393900000000001464,SJ AB,1
393900000000001584,SJ AB,1
393900000000001721,SJ AB,1
393900000000000627,SJ AB,1
393900000000001057,SJ AB,1
393900000000001390,SJ AB,1
393900000000001540,SJ AB,1
393900000000001629,SJ AB,1
393900000000001726,SJ AB,1
393900000000000628,SJ AB,1
393900000000000684,SJ AB,1
393900000000000953,SJ AB,1
393900000000001063,SJ AB,1
393900000000001392,SJ AB,1
393900000000001465,SJ AB,1
393900000000001585,SJ AB,1
393900000000001592,SJ AB,1
393900000000001722,SJ AB,1
393900000000000629,SJ AB,1
393900000000000954,SJ AB,1
393900000000001460,SJ AB,1
393900000000001525,SJ AB,1
393900000000001563,SJ AB,1
393900000000001622,SJ AB,1
393900000000001650,SJ AB,1
393900000000000630,SJ AB,1
393900000000000674,SJ AB,1
393900000000000955,SJ AB,1
393900000000001064,SJ AB,1
393900000000001467,SJ AB,1
393900000000001587,SJ AB,1
393900000000001593,SJ AB,1
393900000000001723,SJ AB,1
393900000000000631,SJ AB,1
393900000000000956,SJ AB,1
393900000000001370,SJ AB,1
393900000000001541,SJ AB,1
393900000000001564,SJ AB,1
393900000000001630,SJ AB,1
393900000000001651,SJ AB,1
393900000000000632,SJ AB,1
393900000000000680,SJ AB,1
393900000000001065,SJ AB,1
393900000000001608,SJ AB,1
393900000000001727,SJ AB,1
393900000000000633,SJ AB,1
393900000000000958,SJ AB,1
393900000000001066,SJ AB,1
393900000000001441,SJ AB,1
393900000000001547,SJ AB,1
393900000000001565,SJ AB,1
393900000000001606,SJ AB,1
393900000000001633,SJ AB,1
393900000000001652,SJ AB,1
393900000000001653,SJ AB,1
393900000000001728,SJ AB,1
393900000000000634,SJ AB,1
393900000000000635,SJ AB,1
393900000000000768,SJ AB,1
393900000000000769,SJ AB,1
393900000000000788,SJ AB,1
393900000000000789,SJ AB,1
393900000000001049,SJ AB,1
393900000000001050,SJ AB,1
393900000000001495,SJ AB,1
393900000000001536,SJ AB,1
393900000000001537,SJ AB,1
393900000000001859,SJ AB,1
393900000000000644,SJ AB,1
393900000000000957,SJ AB,1
393900000000001180,SJ AB,1
393900000000001534,SJ AB,1
393900000000001568,SJ AB,1
393900000000001631,SJ AB,1
393900000000001657,SJ AB,1
393900000000000647,SJ AB,1
393900000000000803,SJ AB,1
393900000000001361,SJ AB,1
393900000000000650,SJ AB,1
393900000000000672,SJ AB,1
393900000000000940,SJ AB,1
393900000000001273,SJ AB,1
393900000000001424,SJ AB,1
393900000000001440,SJ AB,1
393900000000001476,SJ AB,1
393900000000001533,SJ AB,1
393900000000001572,SJ AB,1
393900000000001613,SJ AB,1
393900000000001632,SJ AB,1
393900000000001661,SJ AB,1
393900000000000658,SJ AB,1
393900000000000762,SJ AB,1
393900000000000782,SJ AB,1
393900000000000807,SJ AB,1
393900000000000931,SJ AB,1
393900000000000659,SJ AB,1
393900000000000660,SJ AB,1
393900000000000662,SJ AB,1
393900000000000996,SJ AB,1
393900000000001310,SJ AB,1
393900000000001381,SJ AB,1
393900000000000661,SJ AB,1
393900000000000997,SJ AB,1
393900000000001203,SJ AB,1
393900000000000665,SJ AB,1
393900000000001159,SJ AB,1
393900000000001278,SJ AB,1
393900000000000666,SJ AB,1
393900000000001356,SJ AB,1
393900000000001396,SJ AB,1
393900000000000667,SJ AB,1
393900000000001150,SJ AB,1
393900000000000668,SJ AB,1
393900000000000892,SJ AB,1
393900000000001881,SJ AB,1
393900000000000669,SJ AB,1
393900000000000944,SJ AB,1
393900000000001575,SJ AB,1
393900000000001711,SJ AB,1
393900000000000671,SJ AB,1
393900000000000946,SJ AB,1
393900000000001059,SJ AB,1
393900000000001060,SJ AB,1
393900000000001429,SJ AB,1
393900000000001578,SJ AB,1
393900000000001590,SJ AB,1
393900000000001715,SJ AB,1
393900000000000675,SJ AB,1
393900000000001175,SJ AB,1
393900000000000676,SJ AB,1
393900000000000948,SJ AB,1
393900000000001061,SJ AB,1
393900000000001431,SJ AB,1
393900000000001461,SJ AB,1
393900000000001579,SJ AB,1
393900000000001591,SJ AB,1
393900000000001716,SJ AB,1
393900000000000677,SJ AB,1
393900000000001058,SJ AB,1
393900000000001391,SJ AB,1
393900000000001589,SJ AB,1
393900000000001713,SJ AB,1
393900000000000678,SJ AB,1
393900000000001056,SJ AB,1
393900000000001442,SJ AB,1
393900000000001539,SJ AB,1
393900000000001627,SJ AB,1
393900000000001720,SJ AB,1
393900000000000681,SJ AB,1
393900000000000739,SJ AB,1
393900000000000939,SJ AB,1
393900000000001708,SJ AB,1
393900000000000683,SJ AB,1
393900000000000740,SJ AB,1
393900000000000941,SJ AB,1
393900000000001417,SJ AB,1
393900000000001709,SJ AB,1
393900000000000687,SJ AB,1
393900000000000690,SJ AB,1
393900000000000696,SJ AB,1
393900000000000724,SJ AB,1
393900000000000698,SJ AB,1
393900000000000700,SJ AB,1
393900000000000726,SJ AB,1
393900000000000702,SJ AB,1
393900000000000728,SJ AB,1
393900000000000704,SJ AB,1
393900000000000705,SJ AB,1
393900000000000717,SJ AB,1
393900000000000707,SJ AB,1
393900000000000708,SJ AB,1
393900000000000719,SJ AB,1
393900000000000709,SJ AB,1
393900000000000721,SJ AB,1
393900000000000710,SJ AB,1
393900000000000730,SJ AB,1
393900000000000731,SJ AB,1
393900000000000817,SJ AB,1
393900000000001097,SJ AB,1
393900000000001791,SJ AB,1
393900000000000818,SJ AB,1
393900000000001328,SJ AB,1
393900000000001493,SJ AB,1
393900000000001793,SJ AB,1
393900000000000821,SJ AB,1
393900000000001101,SJ AB,1
393900000000001554,SJ AB,1
393900000000001796,SJ AB,1
393900000000001842,SJ AB,1
393900000000001887,SJ AB,1
393900000000000827,SJ AB,1
393900000000001105,SJ AB,1
393900000000001334,SJ AB,1
393900000000001494,SJ AB,1
393900000000001508,SJ AB,1
393900000000001686,SJ AB,1
393900000000001801,SJ AB,1
393900000000001846,SJ AB,1
393900000000001889,SJ AB,1
393900000000000830,SJ AB,1
393900000000001107,SJ AB,1
393900000000001804,SJ AB,1
393900000000000835,SJ AB,1
393900000000001110,SJ AB,1
393900000000001336,SJ AB,1
393900000000001809,SJ AB,1
393900000000001851,SJ AB,1
393900000000001892,SJ AB,1
393900000000000839,SJ AB,1
393900000000001305,SJ AB,1
393900000000001338,SJ AB,1
393900000000001478,SJ AB,1
393900000000001681,SJ AB,1
393900000000001812,SJ AB,1
393900000000001853,SJ AB,1
393900000000000843,SJ AB,1
393900000000001342,SJ AB,1
393900000000001857,SJ AB,1
393900000000000845,SJ AB,1
393900000000001114,SJ AB,1
393900000000001817,SJ AB,1
393900000000000847,SJ AB,1
393900000000001116,SJ AB,1
393900000000001296,SJ AB,1
393900000000001819,SJ AB,1
393900000000001837,SJ AB,1
393900000000001871,SJ AB,1
393900000000000849,SJ AB,1
393900000000001118,SJ AB,1
393900000000000850,SJ AB,1
393900000000001119,SJ AB,1
393900000000001873,SJ AB,1
393900000000000851,SJ AB,1
393900000000001120,SJ AB,1
393900000000001307,SJ AB,1
393900000000001344,SJ AB,1
393900000000001752,SJ AB,1
393900000000001874,SJ AB,1
393900000000000852,SJ AB,1
393900000000001121,SJ AB,1
393900000000001308,SJ AB,1
393900000000000853,SJ AB,1
393900000000001696,SJ AB,1
393900000000000893,SJ AB,1
393900000000000895,SJ AB,1
393900000000000920,SJ AB,1
393900000000000924,SJ AB,1
393900000000001671,SJ AB,1
393900000000000925,SJ AB,1
393900000000000926,SJ AB,1
393900000000000936,SJ AB,1
393900000000001596,SJ AB,1
393900000000000937,SJ AB,1
393900000000001598,SJ AB,1
393900000000000938,SJ AB,1
393900000000001089,SJ AB,1
393900000000001475,SJ AB,1
393900000000000959,SJ AB,1
393900000000001011,SJ AB,1
393900000000001014,SJ AB,1
393900000000001017,SJ AB,1
393900000000001020,SJ AB,1
393900000000001023,SJ AB,1
393900000000001026,SJ AB,1
393900000000001030,SJ AB,1
393900000000001033,SJ AB,1
393900000000001252,SJ AB,1
393900000000001036,SJ AB,1
393900000000001257,SJ AB,1
393900000000001295,SJ AB,1
393900000000001506,SJ AB,1
393900000000001512,SJ AB,1
393900000000001521,SJ AB,1
393900000000001535,SJ AB,1
393900000000001876,SJ AB,1
393900000000001039,SJ AB,1
393900000000001042,SJ AB,1
393900000000001045,SJ AB,1
393900000000001266,SJ AB,1
393900000000001507,SJ AB,1
393900000000001877,SJ AB,1
393900000000001051,SJ AB,1
393900000000001294,SJ AB,1
393900000000001297,SJ AB,1
393900000000001545,SJ AB,1
393900000000001549,SJ AB,1
393900000000001628,SJ AB,1
393900000000001649,SJ AB,1
393900000000001739,SJ AB,1
393900000000001067,SJ AB,1
393900000000001542,SJ AB,1
393900000000001609,SJ AB,1
393900000000001634,SJ AB,1
393900000000001665,SJ AB,1
393900000000001673,SJ AB,1
393900000000001729,SJ AB,1
393900000000001069,SJ AB,1
393900000000001074,SJ AB,1
393900000000001393,SJ AB,1
393900000000001394,SJ AB,1
393900000000001526,SJ AB,1
393900000000001529,SJ AB,1
393900000000001070,SJ AB,1
393900000000001072,SJ AB,1
393900000000001527,SJ AB,1
393900000000001528,SJ AB,1
393900000000001090,SJ AB,1
393900000000001092,SJ AB,1
393900000000001093,SJ AB,1
393900000000001300,SJ AB,1
393900000000001324,SJ AB,1
393900000000001095,SJ AB,1
393900000000001325,SJ AB,1
393900000000001555,SJ AB,1
393900000000001732,SJ AB,1
393900000000001884,SJ AB,1
393900000000001128,SJ AB,1
393900000000001131,SJ AB,1
393900000000001133,SJ AB,1
393900000000001134,SJ AB,1
393900000000001136,SJ AB,1
393900000000001141,SJ AB,1
393900000000001143,SJ AB,1
393900000000001157,SJ AB,1
393900000000001160,SJ AB,1
393900000000001173,SJ AB,1
393900000000001174,SJ AB,1
393900000000001195,SJ AB,1
393900000000001199,SJ AB,1
393900000000001200,SJ AB,1
393900000000001556,SJ AB,1
393900000000001201,SJ AB,1
393900000000001202,SJ AB,1
393900000000001222,SJ AB,1
393900000000001383,SJ AB,1
393900000000001224,SJ AB,1
393900000000001225,SJ AB,1
393900000000001384,SJ AB,1
393900000000001227,SJ AB,1
393900000000001228,SJ AB,1
393900000000001385,SJ AB,1
393900000000001230,SJ AB,1
393900000000001231,SJ AB,1
393900000000001233,SJ AB,1
393900000000001234,SJ AB,1
393900000000001236,SJ AB,1
393900000000001238,SJ AB,1
393900000000001240,SJ AB,1
393900000000001242,SJ AB,1
393900000000001245,SJ AB,1
393900000000001247,SJ AB,1
393900000000001249,SJ AB,1
393900000000001387,SJ AB,1
393900000000001253,SJ AB,1
393900000000001256,SJ AB,1
393900000000001260,SJ AB,1
393900000000001263,SJ AB,1
393900000000001298,SJ AB,1
393900000000001309,SJ AB,1
393900000000001369,SJ AB,1
393900000000001459,SJ AB,1
393900000000001586,SJ AB,1
393900000000001398,SJ AB,1
393900000000001570,SJ AB,1
393900000000001399,SJ AB,1
393900000000001400,SJ AB,1
393900000000001401,SJ AB,1
393900000000001402,SJ AB,1
393900000000001403,SJ AB,1
393900000000001404,SJ AB,1
393900000000001405,SJ AB,1
393900000000001406,SJ AB,1
393900000000001407,SJ AB,1
393900000000001408,SJ AB,1
393900000000001409,SJ AB,1
393900000000001410,SJ AB,1
393900000000001411,SJ AB,1
393900000000001412,SJ AB,1
393900000000001413,SJ AB,1
393900000000001414,SJ AB,1
393900000000001416,SJ AB,1
393900000000001571,SJ AB,1
393900000000001421,SJ AB,1
393900000000001577,SJ AB,1
393900000000001422,SJ AB,1
393900000000001580,SJ AB,1
393900000000001423,SJ AB,1
393900000000001583,SJ AB,1
393900000000001425,SJ AB,1
393900000000001427,SJ AB,1
393900000000001428,SJ AB,1
393900000000001430,SJ AB,1
393900000000001432,SJ AB,1
393900000000001433,SJ AB,1
393900000000001434,SJ AB,1
393900000000001435,SJ AB,1
393900000000001468,SJ AB,1
393900000000001436,SJ AB,1
393900000000001573,SJ AB,1
393900000000001600,SJ AB,1
393900000000001437,SJ AB,1
393900000000001574,SJ AB,1
393900000000001447,SJ AB,1
393900000000001448,SJ AB,1
393900000000001449,SJ AB,1
393900000000001450,SJ AB,1
393900000000001451,SJ AB,1
393900000000001452,SJ AB,1
393900000000001453,SJ AB,1
393900000000001454,SJ AB,1
393900000000001576,SJ AB,1
393900000000001456,SJ AB,1
393900000000001602,SJ AB,1
393900000000001457,SJ AB,1
393900000000001582,SJ AB,1
393900000000001458,SJ AB,1
393900000000001603,SJ AB,1
393900000000001462,SJ AB,1
393900000000001466,SJ AB,1
393900000000001469,SJ AB,1
393900000000001594,SJ AB,1
393900000000001597,SJ AB,1
393900000000001599,SJ AB,1
393900000000001604,SJ AB,1
393900000000001605,SJ AB,1
393900000000001655,SJ AB,1
393900000000001656,SJ AB,1
393900000000001659,SJ AB,1
393900000000001660,SJ AB,1
393900000000001662,SJ AB,1
393900000000001672,SJ AB,1
393900000000001755,SJ AB,1
393900000000001861,SJ AB,1
393900000000001663,SJ AB,1
393900000000001664,SJ AB,1
393900000000001666,SJ AB,1
393900000000001756,SJ AB,1
393900000000001860,SJ AB,1
393900000000001760,SJ AB,1
393900000000001761,SJ AB,1
393900000000001762,SJ AB,1
393900000000001840,SJ AB,1
393900000000001763,SJ AB,1
393900000000001764,SJ AB,1
393900000000001765,SJ AB,1
393900000000001766,SJ AB,1
393900000000001767,SJ AB,1
393900000000001768,SJ AB,1
393900000000001769,SJ AB,1
393900000000001770,SJ AB,1
393900000000001771,SJ AB,1
393900000000001772,SJ AB,1
393900000000001773,SJ AB,1
393900000000001774,SJ AB,1
393900000000001775,SJ AB,1
393900000000001776,SJ AB,1
393900000000001777,SJ AB,1
393900000000001778,SJ AB,1
393900000000001779,SJ AB,1
393900000000001780,SJ AB,1
393900000000001781,SJ AB,1
393900000000001782,SJ AB,1
393900000000001783,SJ AB,1
393900000000001784,SJ AB,1
393900000000001785,SJ AB,1
393900000000001786,SJ AB,1
393900000000001787,SJ AB,1
393900000000001788,SJ AB,1
393900000000001789,SJ AB,1
393900000000001868,SJ AB,1
393900000000001869,SJ AB,1
393900000000001882,SJ AB,1
393900000000001907,SJ AB,1
393900000000001908,SJ AB,1
393900000000001909,SJ AB,1
393900000000001910,SJ AB,1
393900000000001913,SJ AB,1
393900000000001914,SJ AB,1
393900000000001915,SJ AB,1
393900000000001935,SJ AB,1
393900000000001961,SJ AB,1
393900000000001964,SJ AB,1
393900000000001972,SJ AB,1
393900000000001985,SJ AB,1
393900000000002002,SJ AB,1
393900000000002003,SJ AB,1
393900000000002007,SJ AB,1
393900000000002034,SJ AB,1
393900000000002036,SJ AB,1
393900000000002047,SJ AB,1
393900000000002049,SJ AB,1
393900000000001911,SJ AB,1
393900000000001912,SJ AB,1
393900000000001916,SJ AB,1
393900000000001930,SJ AB,1
393900000000001939,SJ AB,1
393900000000001940,SJ AB,1
393900000000001960,SJ AB,1
393900000000001965,SJ AB,1
393900000000001971,SJ AB,1
393900000000001979,SJ AB,1
393900000000001981,SJ AB,1
393900000000001982,SJ AB,1
393900000000001984,SJ AB,1
393900000000002000,SJ AB,1
393900000000002004,SJ AB,1
393900000000002006,SJ AB,1
393900000000002050,SJ AB,1
393900000000002052,SJ AB,1
393900000000002056,SJ AB,1
393900000000002059,SJ AB,1
393900000000002061,SJ AB,1
393900000000001917,SJ AB,1
393900000000001918,SJ AB,1
393900000000001922,SJ AB,1
393900000000001923,SJ AB,1
393900000000001944,SJ AB,1
393900000000001945,SJ AB,1
393900000000001952,SJ AB,1
393900000000001953,SJ AB,1
393900000000001974,SJ AB,1
393900000000001975,SJ AB,1
393900000000001976,SJ AB,1
393900000000001991,SJ AB,1
393900000000001992,SJ AB,1
393900000000001996,SJ AB,1
393900000000002008,SJ AB,1
393900000000002009,SJ AB,1
393900000000002018,SJ AB,1
393900000000002019,SJ AB,1
393900000000002020,SJ AB,1
393900000000002021,SJ AB,1
393900000000002037,SJ AB,1
393900000000002038,SJ AB,1
393900000000002041,SJ AB,1
393900000000002062,SJ AB,1
393900000000002063,SJ AB,1
393900000000002064,SJ AB,1
393900000000001919,SJ AB,1
393900000000001920,SJ AB,1
393900000000001921,SJ AB,1
393900000000001924,SJ AB,1
393900000000001925,SJ AB,1
393900000000001926,SJ AB,1
393900000000001946,SJ AB,1
393900000000001947,SJ AB,1
393900000000001948,SJ AB,1
393900000000001949,SJ AB,1
393900000000001950,SJ AB,1
393900000000001951,SJ AB,1
393900000000001954,SJ AB,1
393900000000001955,SJ AB,1
393900000000001966,SJ AB,1
393900000000001986,SJ AB,1
393900000000001988,SJ AB,1
393900000000001989,SJ AB,1
393900000000001990,SJ AB,1
393900000000001993,SJ AB,1
393900000000001994,SJ AB,1
393900000000001995,SJ AB,1
393900000000001997,SJ AB,1
393900000000001998,SJ AB,1
393900000000001999,SJ AB,1
393900000000002010,SJ AB,1
393900000000002011,SJ AB,1
393900000000002012,SJ AB,1
393900000000002013,SJ AB,1
393900000000002014,SJ AB,1
393900000000002022,SJ AB,1
393900000000002023,SJ AB,1
393900000000002024,SJ AB,1
393900000000002026,SJ AB,1
393900000000002027,SJ AB,1
393900000000002028,SJ AB,1
393900000000002029,SJ AB,1
393900000000002030,SJ AB,1
393900000000002031,SJ AB,1
393900000000002032,SJ AB,1
393900000000002039,SJ AB,1
393900000000002040,SJ AB,1
393900000000002042,SJ AB,1
393900000000002043,SJ AB,1
393900000000002057,SJ AB,1
393900000000002058,SJ AB,1
393900000000002060,SJ AB,1
393900000000001927,SJ AB,1
393900000000001928,SJ AB,1
393900000000001929,SJ AB,1
393900000000001931,SJ AB,1
393900000000001937,SJ AB,1
393900000000001938,SJ AB,1
393900000000001943,SJ AB,1
393900000000001956,SJ AB,1
393900000000001957,SJ AB,1
393900000000001962,SJ AB,1
393900000000001967,SJ AB,1
393900000000001977,SJ AB,1
393900000000001978,SJ AB,1
393900000000001980,SJ AB,1
393900000000001983,SJ AB,1
393900000000001987,SJ AB,1
393900000000002001,SJ AB,1
393900000000002005,SJ AB,1
393900000000001932,SJ AB,1
393900000000001933,SJ AB,1
393900000000001934,SJ AB,1
393900000000001936,SJ AB,1
393900000000001941,SJ AB,1
393900000000001942,SJ AB,1
393900000000001958,SJ AB,1
393900000000001959,SJ AB,1
393900000000001963,SJ AB,1
393900000000001968,SJ AB,1
393900000000001969,SJ AB,1
393900000000001970,SJ AB,1
393900000000001973,SJ AB,1
393900000000002033,SJ AB,1
393900000000002035,SJ AB,1
393900000000002048,SJ AB,1
393900000000002051,SJ AB,1
393900000000002015,SJ AB,1
393900000000002025,SJ AB,1
393900000000002044,SJ AB,1
393900000000002055,SJ AB,1
393900000000002016,SJ AB,1
393900000000002017,SJ AB,1
393900000000002045,SJ AB,1
393900000000002046,SJ AB,1
393900000000002053,SJ AB,1
393900000000002054,SJ AB,1
393900000000002065,Vy Tg AB,1
393900000000002097,Vy Tg AB,1
393900000000002122,Vy Tg AB,1
393900000000002066,Vy Tg AB,1
393900000000002098,Vy Tg AB,1
393900000000002067,Vy Tg AB,1
393900000000002099,Vy Tg AB,1
393900000000002120,Vy Tg AB,1
393900000000002068,Vy Tg AB,1
393900000000002100,Vy Tg AB,1
393900000000002112,Vy Tg AB,1
393900000000002116,Vy Tg AB,1
393900000000002069,Vy Tg AB,1
393900000000002092,Vy Tg AB,1
393900000000002070,Vy Tg AB,1
393900000000002107,Vy Tg AB,1
393900000000002123,Vy Tg AB,1
393900000000002071,Vy Tg AB,1
393900000000002094,Vy Tg AB,1
393900000000002108,Vy Tg AB,1
393900000000002072,Vy Tg AB,1
393900000000002111,Vy Tg AB,1
393900000000002121,Vy Tg AB,1
393900000000002073,Vy Tg AB,1
393900000000002109,Vy Tg AB,1
393900000000002119,Vy Tg AB,1
393900000000002074,Vy Tg AB,1
393900000000002110,Vy Tg AB,1
393900000000002118,Vy Tg AB,1
393900000000002075,Vy Tg AB,1
393900000000002076,Vy Tg AB,1
393900000000002077,Vy Tg AB,1
393900000000002091,Vy Tg AB,1
393900000000002078,Vy Tg AB,1
393900000000002135,Vy Tg AB,1
393900000000002079,Vy Tg AB,1
393900000000002080,Vy Tg AB,1
393900000000002081,Vy Tg AB,1
393900000000002082,Vy Tg AB,1
393900000000002113,Vy Tg AB,1
393900000000002117,Vy Tg AB,1
393900000000002083,Vy Tg AB,1
393900000000002084,Vy Tg AB,1
393900000000002093,Vy Tg AB,1
393900000000002085,Vy Tg AB,1
393900000000002086,Vy Tg AB,1
393900000000002134,Vy Tg AB,1
393900000000002087,Vy Tg AB,1
393900000000002088,Vy Tg AB,1
393900000000002089,Vy Tg AB,1
393900000000002129,Vy Tg AB,1
393900000000002090,Vy Tg AB,1
393900000000002136,Vy Tg AB,1
393900000000002095,Vy Tg AB,1
393900000000002128,Vy Tg AB,1
393900000000002096,Vy Tg AB,1
393900000000002126,Vy Tg AB,1
393900000000002101,Vy Tg AB,1
393900000000002102,Vy Tg AB,1
393900000000002124,Vy Tg AB,1
393900000000002103,Vy Tg AB,1
393900000000002104,Vy Tg AB,1
393900000000002140,Vy Tg AB,1
393900000000002105,Vy Tg AB,1
393900000000002114,Vy Tg AB,1
393900000000002127,Vy Tg AB,1
393900000000002106,Vy Tg AB,1
393900000000002125,Vy Tg AB,1
393900000000002115,Vy Tg AB,1
393900000000002139,Vy Tg AB,1
393900000000002130,Vy Tg AB,1
393900000000002131,Vy Tg AB,1
393900000000002132,Vy Tg AB,1
393900000000002133,Vy Tg AB,1
393900000000002137,Vy Tg AB,1
393900000000002138,Vy Tg AB,1
393900000000002141,Vy Tg AB,1
393900000000002142,Snlltget,1
393900000000002153,Snlltget,1
393900000000002143,Snlltget,1
393900000000002152,Snlltget,1
393900000000002156,Snlltget,1
393900000000002144,Snlltget,1
393900000000002171,Snlltget,1
393900000000002186,Snlltget,1
393900000000002145,Snlltget,1
393900000000002172,Snlltget,1
393900000000002146,Snlltget,1
393900000000002173,Snlltget,1
393900000000002147,Snlltget,1
393900000000002174,Snlltget,1
393900000000002148,Snlltget,1
393900000000002185,Snlltget,1
393900000000002187,Snlltget,1
393900000000002149,Snlltget,1
393900000000002182,Snlltget,1
393900000000002150,Snlltget,1
393900000000002183,Snlltget,1
393900000000002151,Snlltget,1
393900000000002184,Snlltget,1
393900000000002154,Snlltget,1
393900000000002155,Snlltget,1
393900000000002157,Snlltget,1
393900000000002158,Snlltget,1
393900000000002175,Snlltget,1
393900000000002159,Snlltget,1
393900000000002176,Snlltget,1
393900000000002160,Snlltget,1
393900000000002177,Snlltget,1
393900000000002161,Snlltget,1
393900000000002162,Snlltget,1
393900000000002163,Snlltget,1
393900000000002178,Snlltget,1
393900000000002164,Snlltget,1
393900000000002179,Snlltget,1
393900000000002165,Snlltget,1
393900000000002180,Snlltget,1
393900000000002166,Snlltget,1
393900000000002181,Snlltget,1
393900000000002167,Snlltget,1
393900000000002169,Snlltget,1
393900000000002168,Snlltget,1
393900000000002170,Snlltget,1
393900000000002188,Vy Nattg,1
393900000000002198,Vy Nattg,1
393900000000002202,Vy Nattg,1
393900000000002214,Vy Nattg,1
393900000000002189,Vy Nattg,1
393900000000002210,Vy Nattg,1
393900000000002190,Vy Nattg,1
393900000000002208,Vy Nattg,1
393900000000002209,Vy Nattg,1
393900000000002191,Vy Nattg,1
393900000000002201,Vy Nattg,1
393900000000002203,Vy Nattg,1
393900000000002216,Vy Nattg,1
393900000000002192,Vy Nattg,1
393900000000002205,Vy Nattg,1
393900000000002193,Vy Nattg,1
393900000000002204,Vy Nattg,1
393900000000002194,Vy Nattg,1
393900000000002199,Vy Nattg,1
393900000000002207,Vy Nattg,1
393900000000002213,Vy Nattg,1
393900000000002195,Vy Nattg,1
393900000000002200,Vy Nattg,1
393900000000002206,Vy Nattg,1
393900000000002215,Vy Nattg,1
393900000000002196,Vy Nattg,1
393900000000002211,Vy Nattg,1
393900000000002197,Vy Nattg,1
393900000000002212,Vy Nattg,1
393900000000002217,Vy Nattg,1
393900000000002221,Vy Nattg,1
393900000000002223,Vy Nattg,1
393900000000002228,Vy Nattg,1
393900000000002218,Vy Nattg,1
393900000000002226,Vy Nattg,1
393900000000002227,Vy Nattg,1
393900000000002219,Vy Nattg,1
393900000000002222,Vy Nattg,1
393900000000002225,Vy Nattg,1
393900000000002229,Vy Nattg,1
393900000000002220,Vy Nattg,1
393900000000002224,Vy Nattg,1
393900000000002230,Tgab,1
393900000000002231,Tgab,1
393900000000002233,Tgab,1
393900000000002269,Tgab,1
393900000000002232,Tgab,1
393900000000002252,Tgab,1
393900000000002270,Tgab,1
393900000000002234,Tgab,1
393900000000002235,Tgab,1
393900000000002236,Tgab,1
393900000000002237,Tgab,1
393900000000002238,Tgab,1
393900000000002239,Tgab,1
393900000000002289,Tgab,1
393900000000002240,Tgab,1
393900000000002290,Tgab,1
393900000000002241,Tgab,1
393900000000002288,Tgab,1
393900000000002242,Tgab,1
393900000000002243,Tgab,1
393900000000002259,Tgab,1
393900000000002260,Tgab,1
393900000000002291,Tgab,1
393900000000002292,Tgab,1
393900000000002293,Tgab,1
393900000000002244,Tgab,1
393900000000002245,Tgab,1
393900000000002246,Tgab,1
393900000000002276,Tgab,1
393900000000002303,Tgab,1
393900000000002247,Tgab,1
393900000000002266,Tgab,1
393900000000002277,Tgab,1
393900000000002294,Tgab,1
393900000000002297,Tgab,1
393900000000002306,Tgab,1
393900000000002248,Tgab,1
393900000000002279,Tgab,1
393900000000002295,Tgab,1
393900000000002298,Tgab,1
393900000000002305,Tgab,1
393900000000002249,Tgab,1
393900000000002275,Tgab,1
393900000000002308,Tgab,1
393900000000002281,Tgab,1
393900000000002250,Tgab,1
393900000000002251,Tgab,1
393900000000002272,Tgab,1
393900000000002299,Tgab,1
393900000000002253,Tgab,1
393900000000002254,Tgab,1
393900000000002255,Tgab,1
393900000000002271,Tgab,1
393900000000002256,Tgab,1
393900000000002257,Tgab,1
393900000000002258,Tgab,1
393900000000002261,Tgab,1
393900000000002267,Tgab,1
393900000000002268,Tgab,1
393900000000002282,Tgab,1
393900000000002283,Tgab,1
393900000000002296,Tgab,1
393900000000002301,Tgab,1
393900000000002262,Tgab,1
393900000000002263,Tgab,1
393900000000002264,Tgab,1
393900000000002300,Tgab,1
393900000000002265,Tgab,1
393900000000002273,Tgab,1
393900000000002274,Tgab,1
393900000000002278,Tgab,1
393900000000002280,Tgab,1
393900000000002284,Tgab,1
393900000000002285,Tgab,1
393900000000002286,Tgab,1
393900000000002287,Tgab,1
393900000000002302,Tgab,1
393900000000002304,Tgab,1
393900000000002307,Tgab,1
393900000000002309,Tgab,1
393900000000002310,Tgab,1
