from_stop_id,to_stop_id,transfer_type,min_transfer_time,from_trip_id,to_trip_id
9022074000160001,9022074000160001,1,,393900000000000001,393900000000000411
9022074000160001,9022074000160001,1,,393900000000000001,393900000000000508
9022074000160001,9022074000160001,1,,393900000000000006,393900000000000411
9022074000160001,9022074000160001,1,,393900000000000006,393900000000000508
9022074000160001,9022074000160001,1,,393900000000000006,393900000000000467
9022074000210001,9022074000210001,1,,393900000000000507,393900000000000209
9022074000008001,9022074000008001,1,,393900000000000035,393900000000000409
9022074000008001,9022074000008001,1,,393900000000000035,393900000000000410
9022074000008001,9022074000008001,1,,393900000000001165,393900000000001792
9022074000077001,9022074000077001,1,,393900000000000051,393900000000000237
9022074000111001,9022074000111001,1,,393900000000000580,393900000000000599
9022074000039001,9022074000039001,1,,393900000000000695,393900000000000696
9022074000039001,9022074000039001,1,,393900000000000723,393900000000000724
9022074000039001,9022074000039001,1,,393900000000000697,393900000000000698
9022074000039001,9022074000039001,1,,393900000000000699,393900000000000700
9022074000039001,9022074000039001,1,,393900000000000725,393900000000000726
9022074000039001,9022074000039001,1,,393900000000000701,393900000000000702
9022074000039001,9022074000039001,1,,393900000000000727,393900000000000728
9022074000039001,9022074000039001,1,,393900000000000729,393900000000000730
9022074000039001,9022074000039001,1,,393900000000000703,393900000000000704
9022074000008001,9022074000008001,1,,393900000000000897,393900000000001794
9022074000008001,9022074000008001,1,,393900000000001354,393900000000001794
9022074000008001,9022074000008001,1,,393900000000000905,393900000000001847
9022074000008001,9022074000008001,1,,393900000000000098,393900000000000231
9022074000008001,9022074000008001,1,,393900000000000909,393900000000000832
9022074000008001,9022074000008001,1,,393900000000000909,393900000000001302
9022074000008001,9022074000008001,1,,393900000000000909,393900000000001849
9022074000008001,9022074000008001,1,,393900000000000915,393900000000001812
9022074000008001,9022074000008001,1,,393900000000000915,393900000000001853
9022074000008001,9022074000008001,1,,393900000000001088,393900000000001853
9022074000210001,9022074000210001,1,,393900000000000107,393900000000000506
9022074000210001,9022074000210001,1,,393900000000000107,393900000000000342
9022074000210001,9022074000210001,1,,393900000000000109,393900000000000357
9022074000099001,9022074000099001,1,,393900000000000123,393900000000000291
9022074000099001,9022074000099001,1,,393900000000000136,393900000000000447
9022074000210001,9022074000210001,1,,393900000000000150,393900000000000593
9022074000133001,9022074000133001,1,,393900000000000349,393900000000000122
9022074000160001,9022074000160001,1,,393900000000000202,393900000000000506
9022074000160001,9022074000160001,1,,393900000000000340,393900000000000255
9022074000210001,9022074000210001,1,,393900000000000340,393900000000000110
9022074000160001,9022074000160001,1,,393900000000000461,393900000000000653
9022074000210001,9022074000210001,1,,393900000000000461,393900000000000110
9022074000002001,9022074000002001,1,,393900000000000221,393900000000000513
9022074000002001,9022074000002001,1,,393900000000001094,393900000000001147
9022074000002001,9022074000002001,1,,393900000000001751,393900000000001147
9022074000002001,9022074000002001,1,,393900000000001792,393900000000001154
9022074000002001,9022074000002001,1,,393900000000001792,393900000000001829
9022074000008001,9022074000008001,1,,393900000000000224,393900000000000033
9022074000133001,9022074000133001,1,,393900000000000224,393900000000000316
9022074000008001,9022074000008001,1,,393900000000000404,393900000000000033
9022074000133001,9022074000133001,1,,393900000000000404,393900000000000053
9022074000008001,9022074000008001,1,,393900000000000225,393900000000000568
9022074000002001,9022074000002001,1,,393900000000000227,393900000000000084
9022074000002001,9022074000002001,1,,393900000000000825,393900000000000887
9022074000002001,9022074000002001,1,,393900000000001104,393900000000000887
9022074000002001,9022074000002001,1,,393900000000001333,393900000000000887
9022074000002001,9022074000002001,1,,393900000000001845,393900000000001833
9022074000002001,9022074000002001,1,,393900000000001845,393900000000000887
9022074000008001,9022074000008001,1,,393900000000000229,393900000000000095
9022074000008001,9022074000008001,1,,393900000000000418,393900000000000095
9022074000008001,9022074000008001,1,,393900000000000431,393900000000000095
9022074000008001,9022074000008001,1,,393900000000000829,393900000000000902
9022074000008001,9022074000008001,1,,393900000000001106,393900000000000902
9022074000008001,9022074000008001,1,,393900000000001301,393900000000000902
9022074000008001,9022074000008001,1,,393900000000001803,393900000000000902
9022074000008001,9022074000008001,1,,393900000000001890,393900000000000902
9022074000008001,9022074000008001,1,,393900000000000230,393900000000000571
9022074000008001,9022074000008001,1,,393900000000000419,393900000000000571
9022074000133001,9022074000133001,1,,393900000000000419,393900000000000507
9022074000008001,9022074000008001,1,,393900000000000831,393900000000000904
9022074000008001,9022074000008001,1,,393900000000001108,393900000000000904
9022074000008001,9022074000008001,1,,393900000000001805,393900000000000904
9022074000008001,9022074000008001,1,,393900000000001848,393900000000000904
9022074000002001,9022074000002001,1,,393900000000001808,393900000000001353
9022074000002001,9022074000002001,1,,393900000000001808,393900000000001835
9022074000002001,9022074000002001,1,,393900000000001850,393900000000001867
9022074000002001,9022074000002001,1,,393900000000001850,393900000000000891
9022074000002001,9022074000002001,1,,393900000000001850,393900000000001880
9022074000002001,9022074000002001,1,,393900000000001891,393900000000000891
9022074000099001,9022074000099001,1,,393900000000000234,393900000000000307
9022074000099001,9022074000099001,1,,393900000000000421,393900000000000307
9022074000008001,9022074000008001,1,,393900000000000235,393900000000000099
9022074000133001,9022074000133001,1,,393900000000000235,393900000000000347
9022074000008001,9022074000008001,1,,393900000000000838,393900000000000910
9022074000008001,9022074000008001,1,,393900000000001111,393900000000000910
9022074000008001,9022074000008001,1,,393900000000001811,393900000000000910
9022074000008001,9022074000008001,1,,393900000000000236,393900000000000100
9022074000008001,9022074000008001,1,,393900000000000493,393900000000000100
9022074000008001,9022074000008001,1,,393900000000000548,393900000000000554
9022074000008001,9022074000008001,1,,393900000000000840,393900000000000912
9022074000008001,9022074000008001,1,,393900000000001112,393900000000000912
9022074000008001,9022074000008001,1,,393900000000001339,393900000000001357
9022074000008001,9022074000008001,1,,393900000000001813,393900000000001357
9022074000008001,9022074000008001,1,,393900000000001854,393900000000000912
9022074000008001,9022074000008001,1,,393900000000001893,393900000000000912
9022074000008001,9022074000008001,1,,393900000000000238,393900000000000201
9022074000008001,9022074000008001,1,,393900000000000434,393900000000000439
9022074000008001,9022074000008001,1,,393900000000000842,393900000000000914
9022074000008001,9022074000008001,1,,393900000000001341,393900000000001359
9022074000008001,9022074000008001,1,,393900000000001815,393900000000001359
9022074000008001,9022074000008001,1,,393900000000001856,393900000000000914
9022074000008001,9022074000008001,1,,393900000000000239,393900000000000258
9022074000077001,9022074000077001,1,,393900000000000239,393900000000000351
9022074000008001,9022074000008001,1,,393900000000000844,393900000000000916
9022074000008001,9022074000008001,1,,393900000000001113,393900000000000916
9022074000008001,9022074000008001,1,,393900000000001816,393900000000000916
9022074000008001,9022074000008001,1,,393900000000001895,393900000000000916
9022074000008001,9022074000008001,1,,393900000000000848,393900000000000920
9022074000008001,9022074000008001,1,,393900000000001117,393900000000000920
9022074000008001,9022074000008001,1,,393900000000001872,393900000000000920
9022074000008001,9022074000008001,1,,393900000000001896,393900000000000920
9022074000001001,9022074000001001,1,,393900000000001205,393900000000001163
9022074000001001,9022074000001001,1,,393900000000000286,393900000000000035
9022074000001001,9022074000001001,1,,393900000000000293,393900000000000101
9022074000001001,9022074000001001,1,,393900000000001285,393900000000000913
9022074000001001,9022074000001001,1,,393900000000001551,393900000000000913
9022074000001001,9022074000001001,1,,393900000000000299,393900000000000251
9022074000001001,9022074000001001,1,,393900000000000299,393900000000000166
9022074000001001,9022074000001001,1,,393900000000001220,393900000000001140
9022074000001001,9022074000001001,1,,393900000000001903,393900000000001140
9022074000099001,9022074000099001,1,,393900000000000301,393900000000000422
9022074000160001,9022074000160001,1,,393900000000000351,393900000000000656
9022074000160001,9022074000160001,1,,393900000000000351,393900000000000244
9022074000210001,9022074000210001,1,,393900000000000353,393900000000000170
9022074000210001,9022074000210001,1,,393900000000000353,393900000000000171
9022074000133001,9022074000133001,1,,393900000000000360,393900000000000580
9022074000160001,9022074000160001,1,,393900000000000411,393900000000000247
9022074000160001,9022074000160001,1,,393900000000000411,393900000000000424
9022074000008001,9022074000008001,1,,393900000000000547,393900000000000563
9022074000008001,9022074000008001,1,,393900000000000824,393900000000000898
9022074000008001,9022074000008001,1,,393900000000001332,393900000000001514
9022074000008001,9022074000008001,1,,393900000000001332,393900000000001482
9022074000008001,9022074000008001,1,,393900000000001799,393900000000001838
9022074000008001,9022074000008001,1,,393900000000001844,393900000000000898
9022074000004001,9022074000004001,1,,393900000000000512,393900000000000614
9022076000207001,9022076000207001,1,,393900000000000686,393900000000000687
9022074000008001,9022074000008001,1,,393900000000000846,393900000000000918
9022074000008001,9022074000008001,1,,393900000000001115,393900000000000918
9022074000008001,9022074000008001,1,,393900000000001818,393900000000000918
9022074000008001,9022074000008001,1,,393900000000001836,393900000000000918
9022074000008001,9022074000008001,1,,393900000000001858,393900000000000918
9022074000008001,9022074000008001,1,,393900000000001870,393900000000000918
9022074000004001,9022074000004001,1,,393900000000000551,393900000000000738
9022074000004001,9022074000004001,1,,393900000000000551,393900000000000613
9022074000008001,9022074000008001,1,,393900000000000899,393900000000001796
9022074000008001,9022074000008001,1,,393900000000000899,393900000000000821
9022074000008001,9022074000008001,1,,393900000000000899,393900000000001887
9022074000008001,9022074000008001,1,,393900000000000899,393900000000001101
9022074000008001,9022074000008001,1,,393900000000000899,393900000000001554
9022074000008001,9022074000008001,1,,393900000000000570,393900000000000227
9022074000008001,9022074000008001,1,,393900000000000903,393900000000000825
9022074000008001,9022074000008001,1,,393900000000000903,393900000000001845
9022074000008001,9022074000008001,1,,393900000000000903,393900000000001104
9022074000008001,9022074000008001,1,,393900000000000903,393900000000001333
9022074000133001,9022074000133001,1,,393900000000000574,393900000000000167
9022074000133001,9022074000133001,1,,393900000000000574,393900000000000168
9022074000210001,9022074000210001,1,,393900000000000576,393900000000000208
9022074000160001,9022074000160001,1,,393900000000000666,393900000000000462
9022076000207001,9022076000207001,1,,393900000000000690,393900000000000691
9022074000039001,9022074000039001,1,,393900000000000717,393900000000000718
9022074000039001,9022074000039001,1,,393900000000000719,393900000000000720
9022074000039001,9022074000039001,1,,393900000000000721,393900000000000722
9022074000008001,9022074000008001,1,,393900000000000827,393900000000000900
9022074000008001,9022074000008001,1,,393900000000001105,393900000000001167
9022074000008001,9022074000008001,1,,393900000000001334,393900000000001515
9022074000008001,9022074000008001,1,,393900000000001334,393900000000001483
9022074000008001,9022074000008001,1,,393900000000001508,393900000000000900
9022074000008001,9022074000008001,1,,393900000000001801,393900000000001839
9022074000008001,9022074000008001,1,,393900000000001846,393900000000000900
9022074000008001,9022074000008001,1,,393900000000001889,393900000000001167
9022074000222001,9022074000222001,1,,393900000000002306,393900000000002307
9022074000222001,9022074000222001,1,,393900000000002308,393900000000002309
9022074000039001,9022074000039001,1,,393900000000002262,393900000000002263
9022074000039001,9022074000039001,1,,393900000000002264,393900000000002261
9022074000222001,9022074000222001,1,,393900000000002300,393900000000002301
9022074000039001,9022074000039001,1,,393900000000002265,393900000000002261
9022074000222001,9022074000222001,1,,393900000000002302,393900000000002303
9022074000222001,9022074000222001,1,,393900000000002304,393900000000002305
9022074069350001,9022074004383001,2,600,,
9022074000773001,9022074064286001,2,600,,
9022074000080001,9022074043449001,2,660,,
9022074001014001,9022074001568001,2,1200,,
9022074020510001,9022074020700001,2,1200,,
9022074000283001,9022074012010001,2,900,,
9022074000221001,9022074010040001,2,1200,,
9022074001617001,9022074000622001,2,1800,,
9022074027905001,9022074000133001,2,1200,,
9022074030117001,9022074015585001,2,900,,
9022074000172001,9022074011078001,2,1500,,
9022076002348001,9022076000100001,2,3000,,
9022074000773001,9022074021672001,2,600,,
9022074015585001,9022074059478001,2,900,,
9022074020133001,9022074000556001,2,2700,,
9022074000069001,9022074073781001,2,240,,
9022074000001001,9022074020749001,2,1200,,
9022074000001001,9022074004383001,2,1200,,
9022074064286001,9022074045571001,2,300,,
9022074027905001,9022074023147001,2,1500,,
9022074075147001,9022074000007001,2,1200,,
9022074000070001,9022074010760001,2,1200,,
9022086024917001,9022086000626001,2,1200,,
9022074018443001,9022074000228001,2,240,,
9022074000300001,9022074071974001,2,900,,
9022074020133001,9022074020131001,2,3600,,
9022074020133001,9022074020132001,2,3000,,
9022074001617001,9022074035997001,2,600,,
9022074001581001,9022074023840001,2,900,,
9022086099656001,9022086000858001,2,2400,,
9022074000170001,9022074020297001,2,1200,,
9022074020133001,9022074020134001,2,3000,,
9022074059478001,9022074030117001,2,600,,
9022074020749001,9022074004383001,2,600,,
9022074000308001,9022074018474001,2,660,,
9022074000210001,9022074021809001,2,1200,,
9022074021809001,9022074019659001,2,1800,,
9022074045571001,9022074021672001,2,480,,
9022074024382001,9022074035997001,2,600,,
9022074000133001,9022074027905001,2,1200,,
9022074000622001,9022074001541001,2,1200,,
9022074000622001,9022074035997001,2,1500,,
9022074064286001,9022074000773001,2,600,,
9022074000924001,9022074011490001,2,600,,
9022074023844001,9022074069350001,2,600,,
9022074020260001,9022074000090001,2,600,,
9022074000230001,9022074020700001,2,1200,,
9022074010113001,9022074000303001,2,1200,,
9022074000070001,9022074057604001,2,1200,,
9022076090001001,9022076000100001,2,1800,,
9022074000042001,9022074020299001,2,1200,,
9022074000005001,9022074007178001,2,600,,
9022074020116001,9022074020461001,2,1500,,
9022074000072001,9022074012655001,2,1800,,
9022074004383001,9022074020749001,2,600,,
9022074069350001,9022074020749001,2,600,,
9022074012144001,9022074000001001,2,1800,,
9022074025509001,9022074000620001,2,1200,,
9022074012655001,9022074000072001,2,1800,,
9022074018254001,9022074000019001,2,900,,
9022074001622001,9022074076297001,2,300,,
9022074035997001,9022074023844001,2,900,,
9022074044669001,9022074000180001,2,900,,
9022074024382001,9022074000622001,2,1500,,
9022074000002001,9022074059478001,2,900,,
9022074000032001,9022074017706001,2,900,,
9022074032125001,9022074020510001,2,1200,,
9022076090001001,9022076002348001,2,3600,,
9022074004383001,9022074023844001,2,600,,
9022074023844001,9022074035997001,2,900,,
9022074010441001,9022074000602001,2,900,,
9022086099659001,9022086000858001,2,2400,,
9022074020131001,9022074020133001,2,3600,,
9022074020131001,9022074020134001,2,3000,,
9022074020131001,9022074020132001,2,3000,,
9022074000602001,9022074010441001,2,900,,
9022074000031001,9022074069192001,2,720,,
9022074011490001,9022074000924001,2,600,,
9022074015585001,9022074000002001,2,900,,
9022074000244001,9022074020163001,2,900,,
9022074000556001,9022074020131001,2,4500,,
9022074000556001,9022074020132001,2,3000,,
9022074000556001,9022074020133001,2,5100,,
9022074000556001,9022074020134001,2,3000,,
9022074024382001,9022074069350001,2,600,,
9022074015017001,9022074000130001,2,900,,
9022076002348001,9022076090001001,2,3000,,
9022074024382001,9022074001617001,2,600,,
9022074050778001,9022074000419001,2,1200,,
9022074020490001,9022074020483001,2,1020,,
9022074035997001,9022074000622001,2,1500,,
9022074024382001,9022074023844001,2,600,,
9022074032589001,9022074000073001,2,900,,
9022074010444001,9022074000063001,2,900,,
9022074000120001,9022074073664001,2,1800,,
9022074023844001,9022074001617001,2,600,,
9022074000009001,9022074010955001,2,1200,,
9022074000090001,9022074020260001,2,600,,
9022074000140001,9022074024352001,2,1200,,
9022074017706001,9022074000032001,2,900,,
9022074023138001,9022074000005001,2,1500,,
9022080080603001,9022080080600001,2,2700,,
9022074073284001,9022074020170001,2,900,,
9022074069192001,9022074000031001,2,720,,
9022074000020001,9022074056794001,2,1200,,
9022074020700001,9022074000230001,2,1200,,
9022074020483001,9022074030117001,2,900,,
9022074000622001,9022074000001001,2,1200,,
9022074074615001,9022074043449001,2,420,,
9022074014841001,9022074000156001,2,2400,,
9022074076077001,9022074000072001,2,600,,
9022074000230001,9022074020510001,2,480,,
9022074016547001,9022074000120001,2,900,,
9022074020749001,9022074012144001,2,1800,,
9022074000111001,9022074074133001,2,600,,
9022074033000001,9022074000096001,2,1200,,
9022074000073001,9022074032589001,2,900,,
9022074000002001,9022074015585001,2,900,,
9022074023844001,9022074000622001,2,1200,,
9022074000003001,9022074072050001,2,1200,,
9022074020461001,9022074000190001,2,900,,
9022074062751001,9022074029154001,2,1800,,
9022074024254001,9022074000250001,2,1020,,
9022074000190001,9022074020461001,2,900,,
9022074001568001,9022074001014001,2,1200,,
9022074021096001,9022074000077001,2,300,,
9022074023147001,9022074027905001,2,1500,,
9022074000620001,9022074025509001,2,1200,,
9022074024006001,9022074000090001,2,900,,
9022074032195001,9022074000069001,2,900,,
9022074000063001,9022074010444001,2,900,,
9022074023138001,9022074007415001,2,1200,,
9022074020490001,9022074030117001,2,600,,
9022074069350001,9022074000622001,2,1200,,
9022074000622001,9022074023844001,2,1200,,
9022074012144001,9022074000622001,2,1800,,
9022074000228001,9022074018443001,2,240,,
9022074001602001,9022074014990001,2,3600,,
9022074020752001,9022074015585001,2,720,,
9022074000482001,9022074010464001,2,1200,,
9022074000005001,9022074007354001,2,720,,
9022074010040001,9022074000221001,2,1200,,
9022074029154001,9022074062751001,2,1800,,
9022074020749001,9022074024382001,2,600,,
9022074057604001,9022074000070001,2,1200,,
9022074000001001,9022074024382001,2,1500,,
9022074001617001,9022074001541001,2,900,,
9022074000526001,9022074025928001,2,1800,,
9022074020469001,9022074000044001,2,1800,,
9022074020707001,9022074000110001,2,2700,,
9022074074532001,9022074001370001,2,300,,
9022074007178001,9022074007415001,2,1500,,
9022086099659001,9022086099658001,2,2700,,
9022086099659001,9022086099656001,2,2700,,
9022074018474001,9022074000308001,2,660,,
9022074000556001,9022074033206001,2,14640,,
9022074020510001,9022074000230001,2,480,,
9022074000282001,9022074013726001,2,1800,,
9022074007415001,9022074007178001,2,1500,,
9022074004383001,9022074024382001,2,600,,
9022074045571001,9022074000773001,2,600,,
9022074019659001,9022074021809001,2,1800,,
9022074069350001,9022074001617001,2,600,,
9022074000242001,9022074025851001,2,900,,
9022074024254001,9022074034378001,2,840,,
9022074036326001,9022074022983001,2,900,,
9022074069350001,9022074023844001,2,600,,
9022074012144001,9022074001617001,2,1800,,
9022074012993001,9022074000160001,2,1320,,
9022074016757001,9022074000120001,2,1800,,
9022074030117001,9022074000002001,2,900,,
9022074000160001,9022074025264001,2,840,,
9022074024577001,9022074000301001,2,180,,
9022074000110001,9022074020707001,2,2700,,
9022074020698001,9022074040991001,2,300,,
9022074000242001,9022074018094001,2,900,,
9022074000156001,9022074014841001,2,2400,,
9022074040991001,9022074020698001,2,300,,
9022086099656001,9022086099658001,2,2700,,
9022086099656001,9022086099659001,2,2700,,
9022074000190001,9022074020116001,2,1500,,
9022074023167001,9022074000190001,2,1200,,
9022080020400001,9022080020382001,2,3600,,
9022074014856001,9022074000144001,2,1020,,
9022074020483001,9022074015585001,2,540,,
9022074071752001,9022074000020001,2,900,,
9022074024382001,9022074004383001,2,600,,
9022074072220001,9022074000030001,2,660,,
9022074073781001,9022074000069001,2,240,,
9022074012938001,9022074000026001,2,1200,,
9022074000250001,9022074034903001,2,900,,
9022074045571001,9022074064286001,2,300,,
9022074020490001,9022074020752001,2,1020,,
9022074035997001,9022074020749001,2,600,,
9022074000130001,9022074018261001,2,1800,,
9022074000020001,9022074071752001,2,900,,
9022074001541001,9022074001617001,2,900,,
9022074020361001,9022074000004001,2,900,,
9022074010563001,9022074000674001,2,1500,,
9022074000077001,9022074021096001,2,600,,
9022074018094001,9022074000242001,2,900,,
9022074035997001,9022074004383001,2,900,,
9022074000030001,9022074025475001,2,1800,,
9022074045549001,9022074000031001,2,720,,
9022074020132001,9022074020131001,2,2700,,
9022074024352001,9022074000140001,2,1200,,
9022074020132001,9022074020133001,2,2700,,
9022074020132001,9022074020134001,2,1500,,
9022074034378001,9022074000250001,2,900,,
9022074021035001,9022074010464001,2,900,,
9022074001617001,9022074023844001,2,600,,
9022074000005001,9022074007415001,2,1200,,
9022074000315001,9022074015633001,2,600,,
9022074000622001,9022074001617001,2,1800,,
9022074023147001,9022074000133001,2,1200,,
9022074000001001,9022074012144001,2,1800,,
9022074024382001,9022074020749001,2,600,,
9022074000044001,9022074020469001,2,1800,,
9022074020132001,9022074000556001,2,2100,,
9022074000005001,9022074007414001,2,720,,
9022074000001001,9022074069350001,2,1200,,
9022074059478001,9022074015585001,2,900,,
9022074012144001,9022074035997001,2,2400,,
9022074069192001,9022074045549001,2,300,,
9022074013013001,9022074000030001,2,1800,,
9022074020699001,9022074020510001,2,1200,,
9022074000073001,9022074032590001,2,240,,
9022074001541001,9022074000622001,2,1200,,
9022074020132001,9022074033206001,2,1800,,
9022074018253001,9022074000019001,2,900,,
9022074000480001,9022074000119001,2,1200,,
9022074000759001,9022074072858001,2,1200,,
9022074017298001,9022074000120001,2,960,,
9022074000007001,9022074075147001,2,1200,,
9022074020700001,9022074020510001,2,1200,,
9022074023844001,9022074020749001,2,600,,
9022074035997001,9022074000001001,2,1500,,
9022074021035001,9022074000482001,2,1500,,
9022086000626001,9022086024917001,2,1200,,
9022074020116001,9022074000190001,2,1500,,
9022080020403001,9022080020400001,2,3600,,
9022074007415001,9022074000005001,2,1200,,
9022074000004001,9022074020361001,2,1200,,
9022074000004001,9022074020362001,2,1200,,
9022074015574001,9022074000003001,2,1200,,
9022074004383001,9022074069350001,2,600,,
9022074035997001,9022074069350001,2,900,,
9022074020510001,9022074032125001,2,1200,,
9022074000090001,9022074024006001,2,900,,
9022086000858001,9022086099659001,2,4200,,
9022086000858001,9022086099658001,2,4200,,
9022074000080001,9022074074615001,2,780,,
9022086000858001,9022086099656001,2,4200,,
9022074023147001,9022074021190001,2,1500,,
9022074007354001,9022074000005001,2,720,,
9022074007415001,9022074023138001,2,1200,,
9022074000030001,9022074013013001,2,1800,,
9022074015585001,9022074030117001,2,900,,
9022074034903001,9022074000250001,2,900,,
9022074030117001,9022074020483001,2,900,,
9022074020361001,9022074020362001,2,600,,
9022074043449001,9022074000080001,2,660,,
9022074000045001,9022074074413001,2,1200,,
9022074000230001,9022074032125001,2,1200,,
9022074012144001,9022074020749001,2,1800,,
9022074000002001,9022074030117001,2,900,,
9022074000099001,9022074011860001,2,1800,,
9022074020749001,9022074035997001,2,600,,
9022074069350001,9022074000001001,2,1200,,
9022074000030001,9022074072220001,2,1800,,
9022074021190001,9022074023147001,2,1500,,
9022074030117001,9022074020490001,2,600,,
9022074024542001,9022074000005001,2,900,,
9022074010955001,9022074000009001,2,1200,,
9022074011251001,9022074000069001,2,720,,
9022074004383001,9022074000001001,2,1200,,
9022074020134001,9022074000556001,2,2100,,
9022074000096001,9022074033000001,2,1200,,
9022074020170001,9022074073284001,2,900,,
9022074032125001,9022074000230001,2,1200,,
9022074023844001,9022074004383001,2,600,,
9022074000194001,9022074021101001,2,1800,,
9022074020483001,9022074059478001,2,1020,,
9022074020749001,9022074069350001,2,600,,
9022074020299001,9022074000042001,2,1200,,
9022074025851001,9022074000242001,2,900,,
9022074000080001,9022074073734001,2,900,,
9022074059478001,9022074000002001,2,900,,
9022074056927001,9022074000007001,2,600,,
9022074043449001,9022074074615001,2,420,,
9022074020749001,9022074000001001,2,1200,,
9022074035997001,9022074012144001,2,2100,,
9022074000001001,9022074035997001,2,1500,,
9022074035141001,9022074000250001,2,900,,
9022074074413001,9022074000045001,2,1200,,
9022074035997001,9022074024382001,2,600,,
9022074000242001,9022074015325001,2,780,,
9022074001541001,9022074000001001,2,1500,,
9022074015325001,9022074000242001,2,780,,
9022074020510001,9022074020699001,2,1200,,
9022074000622001,9022074004383001,2,1200,,
9022074015585001,9022074020752001,2,720,,
9022074025264001,9022074000160001,2,840,,
9022074034378001,9022074024254001,2,840,,
9022074020134001,9022074020131001,2,2700,,
9022074020134001,9022074020132001,2,1500,,
9022074045549001,9022074069192001,2,300,,
9022074000126001,9022074017678001,2,1200,,
9022074020134001,9022074020133001,2,2700,,
9022074025475001,9022074000030001,2,1800,,
9022074010760001,9022074000070001,2,1200,,
9022080010100001,9022080010102001,2,3600,,
9022080020400001,9022080020403001,2,3600,,
9022074071974001,9022074000300001,2,900,,
9022074000221001,9022074011754001,2,1200,,
9022074001617001,9022074000001001,2,1800,,
9022074020490001,9022074059478001,2,600,,
9022074000622001,9022074020749001,2,1200,,
9022074010464001,9022074000482001,2,1200,,
9022074056794001,9022074000020001,2,1200,,
9022074023840001,9022074001581001,2,1200,,
9022074000144001,9022074014856001,2,1200,,
9022074020461001,9022074023167001,2,600,,
9022074020490001,9022074015585001,2,900,,
9022074025928001,9022074000526001,2,1800,,
9022074069350001,9022074035997001,2,900,,
9022074000180001,9022074044669001,2,900,,
9022074073734001,9022074000080001,2,900,,
9022074000031001,9022074045549001,2,720,,
9022074074615001,9022074000080001,2,780,,
9022074000001001,9022074001541001,2,1500,,
9022074000019001,9022074018253001,2,900,,
9022074000019001,9022074018254001,2,900,,
9022074010464001,9022074021035001,2,900,,
9022074001617001,9022074020749001,2,600,,
9022074021809001,9022074000210001,2,1200,,
9022074007178001,9022074000005001,2,600,,
9022074020163001,9022074000244001,2,900,,
9022074022983001,9022074036326001,2,900,,
9022074000001001,9022074023844001,2,1200,,
9022074000002001,9022074020490001,2,900,,
9022074001617001,9022074069350001,2,600,,
9022074020362001,9022074000004001,2,1200,,
9022074020366001,9022074000119001,2,900,,
9022074035997001,9022074001617001,2,600,,
9022074020131001,9022074000556001,2,2400,,
9022074023844001,9022074024382001,2,600,,
9022074040991001,9022074000073001,2,1560,,
9022074018254001,9022074018253001,2,420,,
9022074021101001,9022074000194001,2,1800,,
9022074001617001,9022074004383001,2,600,,
9022074000150001,9022074014912001,2,2400,,
9022074004383001,9022074000622001,2,1200,,
9022074000002001,9022074020483001,2,900,,
9022074020749001,9022074023844001,2,600,,
9022074020490001,9022074000002001,2,900,,
9022074020297001,9022074000170001,2,1200,,
9022074021672001,9022074064286001,2,900,,
9022076000100001,9022076090001001,2,1800,,
9022074024382001,9022074012144001,2,2100,,
9022074020461001,9022074020116001,2,1500,,
9022074020752001,9022074020490001,2,1020,,
9022074000190001,9022074023167001,2,1200,,
9022074000230001,9022074020699001,2,1200,,
9022074000303001,9022074010113001,2,1200,,
9022074000007001,9022074056927001,2,600,,
9022074000120001,9022074016547001,2,900,,
9022074021672001,9022074000773001,2,600,,
9022074023209001,9022074000120001,2,1200,,
9022074074133001,9022074000111001,2,600,,
9022074000160001,9022074012993001,2,1320,,
9022074000133001,9022074023147001,2,1200,,
9022074000005001,9022074023138001,2,1500,,
9022074000250001,9022074024254001,2,1020,,
9022074012144001,9022074024382001,2,2100,,
9022074000482001,9022074021035001,2,1500,,
9022074013726001,9022074000282001,2,1800,,
9022074000120001,9022074023209001,2,1200,,
9022074000133001,9022074021190001,2,1500,,
9022074000250001,9022074035141001,2,900,,
9022074064286001,9022074021672001,2,900,,
9022074004383001,9022074001617001,2,600,,
9022074020483001,9022074000002001,2,900,,
9022074069350001,9022074024382001,2,600,,
9022074015585001,9022074020490001,2,900,,
9022074000130001,9022074015017001,2,900,,
9022074023167001,9022074020461001,2,600,,
9022074030117001,9022074059478001,2,600,,
9022074000773001,9022074045571001,2,600,,
9022074014912001,9022074000150001,2,2400,,
9022074018253001,9022074018254001,2,420,,
9022074000622001,9022074012144001,2,1800,,
9022074000674001,9022074010563001,2,1500,,
9022080010102001,9022080010100001,2,2400,,
9022074000069001,9022074011251001,2,720,,
9022074000119001,9022074020366001,2,900,,
9022074072858001,9022074000759001,2,1200,,
9022074007414001,9022074000005001,2,720,,
9022074011078001,9022074000172001,2,1500,,
9022074000001001,9022074001617001,2,1800,,
9022074000622001,9022074069350001,2,1200,,
9022074059478001,9022074020490001,2,600,,
9022074017297001,9022074000120001,2,960,,
9022074015585001,9022074020483001,2,900,,
9022074073664001,9022074000120001,2,1800,,
9022074011754001,9022074000221001,2,1200,,
9022074000003001,9022074015574001,2,1200,,
9022074011860001,9022074000099001,2,1800,,
9022074000210001,9022074019659001,2,1200,,
9022074000120001,9022074016757001,2,1800,,
9022074000119001,9022074000480001,2,1200,,
9022074001617001,9022074012144001,2,1800,,
9022074000301001,9022074024577001,2,180,,
9022074021672001,9022074045571001,2,480,,
9022074020749001,9022074000622001,2,1200,,
9022074020483001,9022074020490001,2,1020,,
9022074001370001,9022074074532001,2,300,,
9022074000069001,9022074032195001,2,900,,
9022076000100001,9022076002348001,2,3600,,
9022074019659001,9022074000210001,2,1200,,
9022074000123001,9022074013462001,2,1680,,
9022074000250001,9022074034378001,2,900,,
9022074023844001,9022074000001001,2,1200,,
9022074024382001,9022074000001001,2,1500,,
9022074001617001,9022074024382001,2,600,,
9022074000005001,9022074024542001,2,1200,,
9022074000622001,9022074024382001,2,1500,,
9022074000026001,9022074012938001,2,1200,,
9022074000001001,9022074000622001,2,1200,,
9022086099658001,9022086099659001,2,2700,,
9022074017678001,9022074000126001,2,1200,,
9022074033206001,9022074020132001,2,2700,,
9022074000073001,9022074040991001,2,1560,,
9022074013462001,9022074000123001,2,1680,,
9022086099658001,9022086099656001,2,2700,,
9022074076297001,9022074001622001,2,300,,
9022074015633001,9022074000315001,2,600,,
9022074020699001,9022074000230001,2,1200,,
9022074021190001,9022074000133001,2,1500,,
9022074012010001,9022074000283001,2,900,,
9022074020749001,9022074001617001,2,600,,
9022074059478001,9022074020483001,2,1020,,
9022074000072001,9022074076077001,2,600,,
9022074020362001,9022074020361001,2,600,,
9022074014990001,9022074001602001,2,3600,,
9022074072050001,9022074000003001,2,1200,,
9022086099658001,9022086000858001,2,2400,,
9022074018261001,9022074000130001,2,1800,,
9022074004383001,9022074035997001,2,900,,
9022074032590001,9022074000073001,2,240,,
9022074033206001,9022074000556001,2,14640,,
9021074000001000,9021074000001000,2,1200,,
9021074000002000,9021074000002000,2,900,,
9021074000003000,9021074000003000,2,900,,
9021074000004000,9021074000004000,2,540,,
9021074000005000,9021074000005000,2,600,,
9021074000006000,9021074000006000,2,600,,
9021074000007000,9021074000007000,2,600,,
9021074000008000,9021074000008000,2,600,,
9021074000009000,9021074000009000,2,600,,
9021074000018000,9021074000018000,2,420,,
9021074000019000,9021074000019000,2,600,,
9021074000020000,9021074000020000,2,600,,
9021074000023000,9021074000023000,2,600,,
9021074000024000,9021074000024000,2,0,,
9021074000025000,9021074000025000,2,300,,
9021074000026000,9021074000026000,2,600,,
9021074000027000,9021074000027000,2,600,,
9021074000030000,9021074000030000,2,600,,
9021074000031000,9021074000031000,2,600,,
9021074000032000,9021074000032000,2,600,,
9021074000036000,9021074000036000,2,300,,
9021074000039000,9021074000039000,2,600,,
9021074000040000,9021074000040000,2,480,,
9021074000041000,9021074000041000,2,300,,
9021074000042000,9021074000042000,2,600,,
9021074000044000,9021074000044000,2,540,,
9021074000045000,9021074000045000,2,600,,
9021074000046000,9021074000046000,2,180,,
9021074000049000,9021074000049000,2,120,,
9021074000052000,9021074000052000,2,600,,
9021074000055000,9021074000055000,2,600,,
9021074000059000,9021074000059000,2,0,,
9021074000060000,9021074000060000,2,480,,
9021074000062000,9021074000062000,2,600,,
9021074000063000,9021074000063000,2,1800,,
9021074000069000,9021074000069000,2,240,,
9021074000070000,9021074000070000,2,480,,
9021074000072000,9021074000072000,2,480,,
9021074000073000,9021074000073000,2,420,,
9021074000076000,9021074000076000,2,600,,
9021074000077000,9021074000077000,2,600,,
9021074000080000,9021074000080000,2,600,,
9021074000089000,9021074000089000,2,600,,
9021074000090000,9021074000090000,2,600,,
9021074000093000,9021074000093000,2,600,,
9021074000096000,9021074000096000,2,300,,
9021074000097000,9021074000097000,2,1800,,
9021074000099000,9021074000099000,2,480,,
9021074000100000,9021074000100000,2,600,,
9021074000105000,9021074000105000,2,600,,
9021074000110000,9021074000110000,2,300,,
9021074000111000,9021074000111000,2,600,,
9021074000112000,9021074000112000,2,600,,
9021074000114000,9021074000114000,2,0,,
9021074000115000,9021074000115000,2,600,,
9021074000119000,9021074000119000,2,300,,
9021074000120000,9021074000120000,2,600,,
9021074000123000,9021074000123000,2,600,,
9021074000126000,9021074000126000,2,1200,,
9021074000128000,9021074000128000,2,480,,
9021074000129000,9021074000129000,2,300,,
9021074000130000,9021074000130000,2,600,,
9021074000133000,9021074000133000,2,600,,
9021074000135000,9021074000135000,2,600,,
9021074000140000,9021074000140000,2,600,,
9021074000142000,9021074000142000,2,300,,
9021074000144000,9021074000144000,2,300,,
9021074000146000,9021074000146000,2,600,,
9021074000150000,9021074000150000,2,600,,
9021074000151000,9021074000151000,2,300,,
9021074000154000,9021074000154000,2,600,,
9021074000155000,9021074000155000,2,180,,
9021074000156000,9021074000156000,2,600,,
9021074000158000,9021074000158000,2,600,,
9021074000160000,9021074000160000,2,600,,
9021074000162000,9021074000162000,2,600,,
9021074000166000,9021074000166000,2,600,,
9021074000167000,9021074000167000,2,300,,
9021074000170000,9021074000170000,2,600,,
9021074000172000,9021074000172000,2,600,,
9021074000173000,9021074000173000,2,420,,
9021074000176000,9021074000176000,2,0,,
9021074000180000,9021074000180000,2,600,,
9021074000181000,9021074000181000,2,600,,
9021074000183000,9021074000183000,2,480,,
9021074000186000,9021074000186000,2,300,,
9021074000187000,9021074000187000,2,600,,
9021074000189000,9021074000189000,2,300,,
9021074000190000,9021074000190000,2,600,,
9021074000191000,9021074000191000,2,600,,
9021074000192000,9021074000192000,2,600,,
9021074000194000,9021074000194000,2,600,,
9021074000195000,9021074000195000,2,600,,
9021074000196000,9021074000196000,2,600,,
9021074000198000,9021074000198000,2,600,,
9021074000202000,9021074000202000,2,600,,
9021074000206000,9021074000206000,2,300,,
9021074000208000,9021074000208000,2,300,,
9021074000210000,9021074000210000,2,600,,
9021074000214000,9021074000214000,2,420,,
9021074000217000,9021074000217000,2,600,,
9021074000218000,9021074000218000,2,600,,
9021074000220000,9021074000220000,2,600,,
9021074000221000,9021074000221000,2,600,,
9021074000222000,9021074000222000,2,480,,
9021074000228000,9021074000228000,2,600,,
9021074000229000,9021074000229000,2,0,,
9021074000230000,9021074000230000,2,480,,
9021074000235000,9021074000235000,2,600,,
9021074000239000,9021074000239000,2,300,,
9021074000242000,9021074000242000,2,600,,
9021074000244000,9021074000244000,2,300,,
9021074000250000,9021074000250000,2,600,,
9021074000253000,9021074000253000,2,600,,
9021074000254000,9021074000254000,2,600,,
9021074000260000,9021074000260000,2,600,,
9021074000262000,9021074000262000,2,300,,
9021074000263000,9021074000263000,2,600,,
9021074000265000,9021074000265000,2,600,,
9021074000266000,9021074000266000,2,300,,
9021074000268000,9021074000268000,2,540,,
9021074000277000,9021074000277000,2,600,,
9021074000280000,9021074000280000,2,600,,
9021074000282000,9021074000282000,2,480,,
9021074000283000,9021074000283000,2,600,,
9021074000287000,9021074000287000,2,600,,
9021074000288000,9021074000288000,2,600,,
9021074000291000,9021074000291000,2,300,,
9021074000293000,9021074000293000,2,300,,
9021074000294000,9021074000294000,2,300,,
9021074000300000,9021074000300000,2,600,,
9021074000301000,9021074000301000,2,600,,
9021074000302000,9021074000302000,2,420,,
9021074000303000,9021074000303000,2,600,,
9021074000308000,9021074000308000,2,600,,
9021074000315000,9021074000315000,2,540,,
9021074000322000,9021074000322000,2,900,,
9021074000345000,9021074000345000,2,420,,
9021074000347000,9021074000347000,2,600,,
9021074000361000,9021074000361000,2,5400,,
9021074000384000,9021074000384000,2,300,,
9021074000385000,9021074000385000,2,0,,
9021074000419000,9021074000419000,2,600,,
9021074000448000,9021074000448000,2,0,,
9021074000455000,9021074000455000,2,0,,
9021074000480000,9021074000480000,2,300,,
9021074000482000,9021074000482000,2,0,,
9021074000491000,9021074000491000,2,0,,
9021074000506000,9021074000506000,2,0,,
9021074000511000,9021074000511000,2,600,,
9021074000526000,9021074000526000,2,600,,
9021074000545000,9021074000545000,2,540,,
9021074000556000,9021074000556000,2,3600,,
9021074000559000,9021074000559000,2,600,,
9021074000569000,9021074000569000,2,600,,
9021074000602000,9021074000602000,2,600,,
9021074000615000,9021074000615000,2,600,,
9021074000620000,9021074000620000,2,600,,
9021074000622000,9021074000622000,2,1200,,
9021074000630000,9021074000630000,2,600,,
9021074000632000,9021074000632000,2,420,,
9021074000635000,9021074000635000,2,0,,
9021074000638000,9021074000638000,2,300,,
9021074000660000,9021074000660000,2,600,,
9021074000673000,9021074000673000,2,300,,
9021074000674000,9021074000674000,2,300,,
9021074000683000,9021074000683000,2,0,,
9021074000704000,9021074000704000,2,600,,
9021074000705000,9021074000705000,2,300,,
9021074000736000,9021074000736000,2,540,,
9021074000753000,9021074000753000,2,0,,
9021074000759000,9021074000759000,2,300,,
9021074000773000,9021074000773000,2,600,,
9021074000816000,9021074000816000,2,60,,
9021074000903000,9021074000903000,2,300,,
9021074000924000,9021074000924000,2,300,,
9021074000945000,9021074000945000,2,300,,
9021074001014000,9021074001014000,2,120,,
9021074001126000,9021074001126000,2,0,,
9021074001317000,9021074001317000,2,0,,
9021074001333000,9021074001333000,2,600,,
9021074001370000,9021074001370000,2,0,,
9021074001432000,9021074001432000,2,0,,
9021074001433000,9021074001433000,2,0,,
9021074001529000,9021074001529000,2,0,,
9021074001541000,9021074001541000,2,300,,
9021074001559000,9021074001559000,2,1800,,
9021074001560000,9021074001560000,2,600,,
9021074001563000,9021074001563000,2,300,,
9021074001567000,9021074001567000,2,600,,
9021074001568000,9021074001568000,2,420,,
9021074001570000,9021074001570000,2,600,,
9021074001581000,9021074001581000,2,600,,
9021074001583000,9021074001583000,2,300,,
9021074001601000,9021074001601000,2,300,,
9021074001602000,9021074001602000,2,600,,
9021074001617000,9021074001617000,2,540,,
9021074001622000,9021074001622000,2,600,,
9021074004383000,9021074004383000,2,480,,
9021074007178000,9021074007178000,2,1200,,
9021074007354000,9021074007354000,2,180,,
9021074007414000,9021074007414000,2,300,,
9021074007415000,9021074007415000,2,180,,
9021074010040000,9021074010040000,2,0,,
9021074010113000,9021074010113000,2,600,,
9021074010441000,9021074010441000,2,300,,
9021074010444000,9021074010444000,2,0,,
9021074010464000,9021074010464000,2,0,,
9021074010563000,9021074010563000,2,0,,
9021074010760000,9021074010760000,2,300,,
9021074010955000,9021074010955000,2,1200,,
9021074011078000,9021074011078000,2,0,,
9021074011251000,9021074011251000,2,180,,
9021074011490000,9021074011490000,2,120,,
9021074011754000,9021074011754000,2,0,,
9021074011860000,9021074011860000,2,180,,
9021074012010000,9021074012010000,2,300,,
9021074012144000,9021074012144000,2,600,,
9021074012655000,9021074012655000,2,120,,
9021074012938000,9021074012938000,2,120,,
9021074012949000,9021074012949000,2,120,,
9021074012993000,9021074012993000,2,120,,
9021074013013000,9021074013013000,2,120,,
9021074013432000,9021074013432000,2,0,,
9021074013462000,9021074013462000,2,300,,
9021074013726000,9021074013726000,2,300,,
9021074014839000,9021074014839000,2,0,,
9021074014841000,9021074014841000,2,300,,
9021074014856000,9021074014856000,2,300,,
9021074014912000,9021074014912000,2,300,,
9021074014990000,9021074014990000,2,300,,
9021074015017000,9021074015017000,2,600,,
9021074015325000,9021074015325000,2,0,,
9021074015508000,9021074015508000,2,900,,
9021074015574000,9021074015574000,2,180,,
9021074015585000,9021074015585000,2,180,,
9021074015633000,9021074015633000,2,300,,
9021074016547000,9021074016547000,2,180,,
9021074016757000,9021074016757000,2,180,,
9021074017297000,9021074017297000,2,180,,
9021074017298000,9021074017298000,2,180,,
9021074017678000,9021074017678000,2,0,,
9021074017706000,9021074017706000,2,0,,
9021074018094000,9021074018094000,2,300,,
9021074018253000,9021074018253000,2,120,,
9021074018254000,9021074018254000,2,120,,
9021074018261000,9021074018261000,2,300,,
9021074018443000,9021074018443000,2,0,,
9021074018474000,9021074018474000,2,0,,
9021074019659000,9021074019659000,2,1200,,
9021074020094000,9021074020094000,2,300,,
9021074020116000,9021074020116000,2,300,,
9021074020131000,9021074020131000,2,2400,,
9021074020132000,9021074020132000,2,1500,,
9021074020133000,9021074020133000,2,2700,,
9021074020134000,9021074020134000,2,1500,,
9021074020163000,9021074020163000,2,300,,
9021074020170000,9021074020170000,2,600,,
9021074020260000,9021074020260000,2,180,,
9021074020297000,9021074020297000,2,180,,
9021074020299000,9021074020299000,2,120,,
9021074020361000,9021074020361000,2,0,,
9021074020362000,9021074020362000,2,0,,
9021074020366000,9021074020366000,2,300,,
9021074020461000,9021074020461000,2,300,,
9021074020469000,9021074020469000,2,180,,
9021074020483000,9021074020483000,2,300,,
9021074020490000,9021074020490000,2,300,,
9021074020510000,9021074020510000,2,180,,
9021074020698000,9021074020698000,2,300,,
9021074020699000,9021074020699000,2,180,,
9021074020700000,9021074020700000,2,300,,
9021074020707000,9021074020707000,2,0,,
9021074020749000,9021074020749000,2,420,,
9021074020752000,9021074020752000,2,300,,
9021074021035000,9021074021035000,2,0,,
9021074021096000,9021074021096000,2,0,,
9021074021101000,9021074021101000,2,1200,,
9021074021190000,9021074021190000,2,0,,
9021074021672000,9021074021672000,2,300,,
9021074021809000,9021074021809000,2,300,,
9021074022959000,9021074022959000,2,0,,
9021074022983000,9021074022983000,2,300,,
9021074023138000,9021074023138000,2,1200,,
9021074023147000,9021074023147000,2,300,,
9021074023167000,9021074023167000,2,300,,
9021074023209000,9021074023209000,2,180,,
9021074023497000,9021074023497000,2,0,,
9021074023840000,9021074023840000,2,3600,,
9021074023844000,9021074023844000,2,600,,
9021074023989000,9021074023989000,2,0,,
9021074023990000,9021074023990000,2,0,,
9021074024006000,9021074024006000,2,180,,
9021074024254000,9021074024254000,2,600,,
9021074024352000,9021074024352000,2,0,,
9021074024382000,9021074024382000,2,600,,
9021074024413000,9021074024413000,2,0,,
9021074024542000,9021074024542000,2,0,,
9021074024577000,9021074024577000,2,0,,
9021074025002000,9021074025002000,2,600,,
9021074025068000,9021074025068000,2,600,,
9021074025264000,9021074025264000,2,120,,
9021074025475000,9021074025475000,2,120,,
9021074025509000,9021074025509000,2,600,,
9021074025851000,9021074025851000,2,600,,
9021074025928000,9021074025928000,2,0,,
9021074026026000,9021074026026000,2,0,,
9021074026034000,9021074026034000,2,0,,
9021074026036000,9021074026036000,2,0,,
9021074026042000,9021074026042000,2,900,,
9021074027905000,9021074027905000,2,600,,
9021074029154000,9021074029154000,2,0,,
9021074029938000,9021074029938000,2,0,,
9021074030041000,9021074030041000,2,0,,
9021074030117000,9021074030117000,2,300,,
9021074032125000,9021074032125000,2,300,,
9021074032195000,9021074032195000,2,180,,
9021074032589000,9021074032589000,2,180,,
9021074032590000,9021074032590000,2,0,,
9021074033000000,9021074033000000,2,0,,
9021074033206000,9021074033206000,2,15300,,
9021074034378000,9021074034378000,2,300,,
9021074034903000,9021074034903000,2,600,,
9021074035141000,9021074035141000,2,600,,
9021074035997000,9021074035997000,2,600,,
9021074036326000,9021074036326000,2,600,,
9021074040991000,9021074040991000,2,60,,
9021074041205000,9021074041205000,2,300,,
9021074043449000,9021074043449000,2,300,,
9021074044669000,9021074044669000,2,300,,
9021074045549000,9021074045549000,2,600,,
9021074045571000,9021074045571000,2,300,,
9021074050778000,9021074050778000,2,0,,
9021074056794000,9021074056794000,2,0,,
9021074056927000,9021074056927000,2,240,,
9021074057604000,9021074057604000,2,180,,
9021074059478000,9021074059478000,2,300,,
9021074062751000,9021074062751000,2,0,,
9021074064286000,9021074064286000,2,0,,
9021074064292000,9021074064292000,2,0,,
9021074069192000,9021074069192000,2,600,,
9021074069350000,9021074069350000,2,600,,
9021074071752000,9021074071752000,2,300,,
9021074071918000,9021074071918000,2,0,,
9021074071974000,9021074071974000,2,300,,
9021074072050000,9021074072050000,2,1200,,
9021074072220000,9021074072220000,2,300,,
9021074072520000,9021074072520000,2,0,,
9021074072858000,9021074072858000,2,0,,
9021074073284000,9021074073284000,2,120,,
9021074073664000,9021074073664000,2,1800,,
9021074073734000,9021074073734000,2,0,,
9021074073781000,9021074073781000,2,180,,
9021074074133000,9021074074133000,2,120,,
9021074074413000,9021074074413000,2,0,,
9021074074531000,9021074074531000,2,0,,
9021074074532000,9021074074532000,2,0,,
9021074074615000,9021074074615000,2,180,,
9021074075147000,9021074075147000,2,0,,
9021074076077000,9021074076077000,2,180,,
9021074076297000,9021074076297000,2,600,,
9021074079000000,9021074079000000,2,0,,
9021074079001000,9021074079001000,2,0,,
9021074079002000,9021074079002000,2,0,,
9021074079003000,9021074079003000,2,0,,
9021074079004000,9021074079004000,2,0,,
9021074079005000,9021074079005000,2,0,,
9021074079006000,9021074079006000,2,0,,
9021074079007000,9021074079007000,2,0,,
9021074079008000,9021074079008000,2,0,,
9021074079011000,9021074079011000,2,0,,
9021074079012000,9021074079012000,2,0,,
9021074079013000,9021074079013000,2,0,,
9021074079014000,9021074079014000,2,0,,
9021074079015000,9021074079015000,2,0,,
9021074079019000,9021074079019000,2,0,,
9021074079020000,9021074079020000,2,0,,
9021076000100000,9021076000100000,2,480,,
9021076000207000,9021076000207000,2,480,,
9021076000318000,9021076000318000,2,60,,
9021076000508000,9021076000508000,2,420,,
9021076000516000,9021076000516000,2,120,,
9021076000518000,9021076000518000,2,120,,
9021076000519000,9021076000519000,2,120,,
9021076000522000,9021076000522000,2,120,,
9021076000527000,9021076000527000,2,120,,
9021076000546000,9021076000546000,2,120,,
9021076002348000,9021076002348000,2,120,,
9021076002402000,9021076002402000,2,120,,
9021076002404000,9021076002404000,2,120,,
9021076002405000,9021076002405000,2,120,,
9021076002406000,9021076002406000,2,120,,
9021076012405000,9021076012405000,2,0,,
9021076090001000,9021076090001000,2,300,,
9021076099986000,9021076099986000,2,2400,,
9021080001305000,9021080001305000,2,360,,
9021080003205000,9021080003205000,2,0,,
9021080010100000,9021080010100000,2,840,,
9021080010102000,9021080010102000,2,1800,,
9021080020382000,9021080020382000,2,300,,
9021080020400000,9021080020400000,2,480,,
9021080020401000,9021080020401000,2,420,,
9021080020403000,9021080020403000,2,300,,
9021080080600000,9021080080600000,2,480,,
9021080080603000,9021080080603000,2,420,,
9021081000308000,9021081000308000,2,300,,
9021081000310000,9021081000310000,2,300,,
9021081000312000,9021081000312000,2,300,,
9021081000320000,9021081000320000,2,300,,
9021081000328000,9021081000328000,2,300,,
9021081000329000,9021081000329000,2,0,,
9021081000378000,9021081000378000,2,0,,
9021081000462000,9021081000462000,2,420,,
9021081000482000,9021081000482000,2,0,,
9021081000503000,9021081000503000,2,300,,
9021081000509000,9021081000509000,2,300,,
9021081000522000,9021081000522000,2,300,,
9021081000626000,9021081000626000,2,300,,
9021081099988000,9021081099988000,2,0,,
9021081099989000,9021081099989000,2,0,,
9021081099991000,9021081099991000,2,0,,
9021081099992000,9021081099992000,2,0,,
9021081099995000,9021081099995000,2,0,,
9021086000079000,9021086000079000,2,300,,
9021086000083000,9021086000083000,2,300,,
9021086000100000,9021086000100000,2,300,,
9021086000512000,9021086000512000,2,300,,
9021086000626000,9021086000626000,2,900,,
9021086000650000,9021086000650000,2,900,,
9021086000798000,9021086000798000,2,900,,
9021086000856000,9021086000856000,2,1800,,
9021086000858000,9021086000858000,2,600,,
9021086024917000,9021086024917000,2,1200,,
9021086099656000,9021086099656000,2,1800,,
9021086099658000,9021086099658000,2,2700,,
9021086099659000,9021086099659000,2,2700,,
